Year,Function,Algorithm,Run,Error
2017,F1,SBOA,1,315849.03283869283
2017,F1,SBOA,5,684016.0428705263
2017,F1,SBOA,4,67828.66679600085
2017,F1,SBOA,3,228548.21004797905
2017,F1,SBOA,2,1441544.7105494211
2017,F1,WOA,1,21419529022.027515
2017,F1,ISBOA,1,5142.049196346188
2017,F1,ISBOA,2,3599.991629588717
2017,F1,ISBOA,4,11892.976845160401
2017,F1,ISBOA,5,5107.491118933205
2017,F1,ISBOA,3,1560.3922940722778
2017,F1,GWO,1,3854103836.3328547
2017,F1,GWO,3,3260606193.9453483
2017,F1,GWO,4,2337943269.2332277
2017,F1,WOA,2,42918952393.12036
2017,F1,GWO,2,1512706082.156196
2017,F1,GWO,5,4884428769.968791
2017,F1,WOA,4,38177326102.831276
2017,F1,WOA,3,24704710151.161896
2017,F1,WOA,5,30787241966.35831
2017,F1,SCA,1,25752612306.029625
2017,F1,SCA,2,31574364874.559814
2017,F1,SSA,1,2901.212722881968
2017,F1,SSA,2,6750.494467876508
2017,F1,SCA,3,18556305968.000645
2017,F1,SCA,4,23159831155.574776
2017,F1,SCA,5,24428538136.428257
2017,F1,SSA,4,1045.0040554420948
2017,F1,SSA,3,920.752531696641
2017,F1,SSA,5,9725.914357200521
2017,F1,HHO,2,1734529865.465798
2017,F1,HHO,1,843036026.4799327
2017,F1,HHO,3,703590652.771495
2017,F1,HHO,4,1934586681.842328
2017,F1,HHO,5,1755168700.24265
2017,F1,MPA,1,1055435722.808078
2017,F1,MPA,3,1496876855.3455997
2017,F1,MPA,2,1574213418.2334301
2017,F1,MPA,5,1094900842.7026954
2017,F1,MPA,4,1632777070.4733784
2017,F10,SBOA,1,79994.9478524798
2017,F1,AOA,1,24686382115.45117
2017,F1,AOA,3,30885105125.307243
2017,F1,AOA,2,34499019349.3649
2017,F10,SBOA,3,28834.70971810018
2017,F10,SBOA,2,20288.691410660264
2017,F10,SBOA,4,40877.790090287366
2017,F10,ISBOA,3,8596.68579470853
2017,F10,ISBOA,1,24921.49315083536
2017,F1,AOA,4,25977701746.49499
2017,F10,ISBOA,2,9970.139326650557
2017,F10,ISBOA,4,10169.845532040348
2017,F1,AOA,5,33225595360.264565
2017,F10,SBOA,5,36739.93089518731
2017,F10,ISBOA,5,6251.155598095036
2017,F10,GWO,1,192519.895647217
2017,F10,WOA,1,4362282.758545015
2017,F10,WOA,2,1170139.3753292505
2017,F10,WOA,3,4889899.80113635
2017,F10,SCA,1,7258730.475831002
2017,F10,WOA,4,4272604.76646479
2017,F10,SSA,1,221980.87522700283
2017,F10,SCA,5,2841864.2588529177
2017,F10,WOA,5,499480.1019916681
2017,F10,SCA,3,4242604.106912999
2017,F10,SCA,2,1586591.7571637204
2017,F10,SCA,4,7571374.858279613
2017,F10,GWO,3,95548.80874753512
2017,F10,GWO,4,96361.45332435278
2017,F10,GWO,5,420741.2855274648
2017,F10,GWO,2,117333.22324114566
2017,F10,SSA,2,144789.88085260702
2017,F10,SSA,3,102423.05510258011
2017,F10,SSA,4,103676.56820853185
2017,F10,SSA,5,141188.64266886096
2017,F10,HHO,1,648606.3339886845
2017,F10,HHO,3,145774.972936459
2017,F10,HHO,2,143460.53490903444
2017,F10,HHO,4,116139.48354062189
2017,F10,HHO,5,413781.4319626124
2017,F10,MPA,1,51019.36043307645
2017,F10,MPA,2,37236.76084789578
2017,F10,MPA,4,36189.50970264584
2017,F10,MPA,5,53671.85448834035
2017,F10,MPA,3,41259.95684917514
2017,F10,AOA,1,262992.8573674243
2017,F10,AOA,2,204982.18542522663
2017,F10,AOA,3,178022.5393778381
2017,F10,AOA,4,155638.71388204256
2017,F11,SBOA,2,534598.0024185912
2017,F11,SBOA,4,2088013.4076721584
2017,F11,SBOA,1,392636.5105297841
2017,F10,AOA,5,252876.46512381092
2017,F11,SBOA,3,435002.6020687022
2017,F11,SBOA,5,79299.24315461927
2017,F11,ISBOA,2,981857.43495787
2017,F11,ISBOA,3,43452.92837260025
2017,F11,ISBOA,1,1307539.3353672645
2017,F11,ISBOA,5,596708.0085148845
2017,F11,ISBOA,4,462727.13358603907
2017,F11,GWO,1,8777604.036630765
2017,F11,GWO,2,4451395.280515828
2017,F11,WOA,1,1011285620.39548
2017,F11,GWO,3,14660295.921002956
2017,F11,GWO,4,40012496.856333405
2017,F11,WOA,2,2383136462.6714835
2017,F11,WOA,4,2117084612.1498659
2017,F11,SCA,1,2537616977.5004997
2017,F11,WOA,5,1645782546.2423205
2017,F11,WOA,3,2568953393.7056017
2017,F11,SCA,2,4441082463.148476
2017,F11,SCA,3,4364335633.30001
2017,F11,SSA,1,15915490.545165405
2017,F11,SCA,5,2219171900.68608
2017,F11,SCA,4,2624447539.4270024
2017,F11,GWO,5,49789541.76621588
2017,F11,SSA,2,45697584.817395724
2017,F11,SSA,3,13311287.780672211
2017,F11,SSA,4,7736210.479977333
2017,F11,SSA,5,7847217.305290197
2017,F11,HHO,2,78869398.86250956
2017,F11,HHO,1,28231224.717143714
2017,F11,HHO,4,159289169.35276365
2017,F11,HHO,5,201139585.40836546
2017,F11,HHO,3,201141605.24473414
2017,F11,MPA,1,21666549.498012032
2017,F11,MPA,2,20892151.954494372
2017,F11,MPA,3,8271979.249475978
2017,F11,MPA,4,35528578.08367078
2017,F11,MPA,5,17697460.314475726
2017,F11,AOA,1,2535724775.1950626
2017,F12,SBOA,1,2400.631335793657
2017,F11,AOA,2,1836067632.5213673
2017,F12,SBOA,3,29314.892527097138
2017,F11,AOA,3,4524698782.758304
2017,F12,SBOA,4,6226.71735351577
2017,F12,SBOA,2,4688.55247721966
2017,F12,SBOA,5,39581.02631770988
2017,F12,ISBOA,2,61250.07824333038
2017,F12,ISBOA,1,54069.20027322418
2017,F12,ISBOA,5,43886.60626495207
2017,F12,ISBOA,4,214951.63241110535
2017,F12,ISBOA,3,230386.5044724599
2017,F12,GWO,1,37241020.08362909
2017,F11,AOA,4,3808050720.152063
2017,F12,WOA,1,912923845.6601949
2017,F12,WOA,2,2649081426.6832094
2017,F12,WOA,3,2444643069.5897384
2017,F12,WOA,4,3088992298.108488
2017,F11,AOA,5,4171487164.6508512
2017,F12,WOA,5,787603879.1953084
2017,F12,SCA,2,3253236140.1807723
2017,F12,SCA,3,2777791754.343619
2017,F12,SCA,4,1216178711.9015062
2017,F12,SCA,1,1033032226.3269249
2017,F12,GWO,2,150948310.69211376
2017,F12,GWO,4,37239054.3993476
2017,F12,GWO,3,12869572.095005214
2017,F12,GWO,5,197865051.5549977
2017,F12,SCA,5,992648210.6631178
2017,F12,SSA,1,256205.6704592791
2017,F12,SSA,3,278804.6479121139
2017,F12,SSA,2,280513.00082235644
2017,F12,SSA,4,360697.2618901759
2017,F12,SSA,5,245864.98340728343
2017,F12,HHO,1,8564685.808783155
2017,F12,HHO,2,12289493.109916529
2017,F12,HHO,3,45272379.30688723
2017,F12,HHO,4,10113479.890075572
2017,F12,HHO,5,5855190.837268698
2017,F12,MPA,1,3768122.6379667344
2017,F12,MPA,2,5657142.362114964
2017,F12,MPA,3,7698641.082156005
2017,F12,MPA,5,7995365.850216917
2017,F12,MPA,4,2444314.275322829
2017,F12,AOA,1,3908254638.6558084
2017,F13,SBOA,1,208304.18995267944
2017,F13,SBOA,2,331802.55704896594
2017,F13,ISBOA,1,272931.75634404056
2017,F13,SBOA,3,231707.42720545095
2017,F13,SBOA,4,345802.12088673713
2017,F13,SBOA,5,577118.3748471859
2017,F13,ISBOA,2,23880.533063098097
2017,F13,ISBOA,4,34972.64445228059
2017,F13,ISBOA,3,6233.461473506359
2017,F13,ISBOA,5,32476.858868405092
2017,F12,AOA,3,3239423884.5456476
2017,F12,AOA,2,3384897663.114641
2017,F12,AOA,4,3181157508.9401703
2017,F13,GWO,1,117915.97544740641
2017,F12,AOA,5,1929766050.1226501
2017,F13,WOA,1,4911937.418842723
2017,F13,WOA,2,17479470.178407498
2017,F13,WOA,4,17761088.188578103
2017,F13,WOA,3,3065482.762907344
2017,F13,WOA,5,28234953.053704426
2017,F13,GWO,2,216555.6162255262
2017,F13,SCA,1,2430860.373096237
2017,F13,SCA,2,2812634.3895480265
2017,F13,SCA,4,665368.0429480554
2017,F13,SCA,3,1885716.947386299
2017,F13,SCA,5,760989.4761344055
2017,F13,GWO,3,433955.6285696287
2017,F13,GWO,4,338495.18168749876
2017,F13,GWO,5,868745.9736102065
2017,F13,SSA,1,898714.2215445153
2017,F13,SSA,2,680671.8235778678
2017,F13,SSA,4,182573.80869109445
2017,F13,SSA,3,833652.3374202275
2017,F13,SSA,5,674487.1463896538
2017,F13,HHO,1,3072173.8280847347
2017,F13,HHO,2,1500353.1637250755
2017,F13,HHO,3,2058544.5592616808
2017,F13,HHO,4,1075978.1851711809
2017,F13,HHO,5,3112043.6196219013
2017,F13,MPA,1,28353.159065261603
2017,F13,MPA,2,30266.194284981582
2017,F13,MPA,3,53504.481246706775
2017,F13,MPA,4,39156.41173539736
2017,F13,MPA,5,34682.91541270253
2017,F13,AOA,3,3688993.6348351412
2017,F14,SBOA,1,40836.69587824165
2017,F13,AOA,1,5066074.146252964
2017,F13,AOA,2,5682602.565452913
2017,F14,SBOA,4,28098.78887284393
2017,F14,SBOA,3,28141.997219944882
2017,F14,ISBOA,1,70537.07103888884
2017,F14,SBOA,2,29149.350532141238
2017,F14,SBOA,5,38876.61239738667
2017,F14,ISBOA,3,64212.95798721329
2017,F14,ISBOA,2,93036.43731719824
2017,F14,ISBOA,4,69651.27159383232
2017,F14,ISBOA,5,62790.579620297955
2017,F14,GWO,1,5306649.552015482
2017,F13,AOA,5,3216222.392606777
2017,F13,AOA,4,1116699.565917221
2017,F14,WOA,3,574380863.5322468
2017,F14,WOA,2,105933818.11019626
2017,F14,WOA,1,3260733965.0780215
2017,F14,WOA,5,887511078.2970963
2017,F14,WOA,4,501085197.0136378
2017,F14,SCA,1,551887357.4305786
2017,F14,SCA,2,761664522.9240737
2017,F14,SCA,3,510801861.431535
2017,F14,SCA,4,195759775.3607913
2017,F14,GWO,2,221134.49262802908
2017,F14,GWO,3,5698829.344319405
2017,F14,GWO,4,367537.11027286644
2017,F14,GWO,5,2598614.3877889607
2017,F14,SCA,5,931259893.6352446
2017,F14,SSA,1,168546.14751290067
2017,F14,SSA,2,272116.1893041241
2017,F14,SSA,4,175910.06507395703
2017,F14,SSA,5,110659.94240508664
2017,F14,SSA,3,450842.2713300747
2017,F14,HHO,1,3504053.851593408
2017,F14,HHO,2,4327764.042058302
2017,F14,HHO,5,3206134.957440446
2017,F14,HHO,3,3368482.0623024544
2017,F14,HHO,4,1942760.1092565136
2017,F14,MPA,1,350272.0595061199
2017,F14,MPA,3,206799.5801071305
2017,F14,MPA,2,841760.4424171352
2017,F14,MPA,4,448471.0491425188
2017,F14,MPA,5,339981.95434377226
2017,F14,AOA,1,2042792.810825178
2017,F14,AOA,3,2891168048.248456
2017,F14,AOA,2,1985974406.0968986
2017,F14,AOA,4,746169488.7053032
2017,F14,AOA,5,977251133.6996908
2017,F15,ISBOA,1,75.86629555670947
2017,F15,SBOA,2,-401.34017985923265
2017,F15,ISBOA,2,72.82676911154886
2017,F15,SBOA,1,3189.037314624302
2017,F15,SBOA,3,1121.6935292355743
2017,F15,ISBOA,5,285.1034300567901
2017,F15,ISBOA,3,250.66754493398207
2017,F15,SBOA,4,-264.29565990685774
2017,F15,ISBOA,4,-213.90253517443398
2017,F15,SBOA,5,4252.045988119235
2017,F15,GWO,1,1667137.2377756874
2017,F15,GWO,2,1389444.982874729
2017,F15,WOA,1,368997649.1717741
2017,F15,GWO,3,3649437.3439580346
2017,F15,GWO,4,37106.68265925933
2017,F15,GWO,5,389065.93522893294
2017,F15,WOA,2,5547730.751378593
2017,F15,WOA,3,254339699.71688622
2017,F15,WOA,5,125764786.82257052
2017,F15,WOA,4,19959057.68844677
2017,F15,SCA,2,46175575.85552067
2017,F15,SCA,1,23798985.362261172
2017,F15,SSA,1,10421.359705826648
2017,F15,SCA,5,66243593.118939444
2017,F15,SCA,3,7752393.384491471
2017,F15,SCA,4,25899251.91099665
2017,F15,SSA,2,44477.401280714694
2017,F15,SSA,3,39467.097026398325
2017,F15,SSA,4,80673.48043397693
2017,F15,HHO,2,2183811.0334112737
2017,F15,HHO,1,441535.93920375506
2017,F15,SSA,5,29897.393338020156
2017,F15,HHO,3,1552694.9073236098
2017,F15,HHO,5,175515.03948554298
2017,F15,MPA,5,9382.462851309221
2017,F15,MPA,1,4919.539668991823
2017,F15,HHO,4,220289.26733682532
2017,F15,MPA,2,3440.561190743393
2017,F15,MPA,4,5511.7621154033495
2017,F15,MPA,3,3263.3607273032203
2017,F15,AOA,1,20640.988976396482
2017,F15,AOA,2,2747247.0464514545
2017,F15,AOA,4,8497.840479859948
2017,F15,AOA,3,13699.295508561736
2017,F15,AOA,5,539934.2587074417
2017,F16,ISBOA,1,1225.1775220229265
2017,F16,ISBOA,2,1903.8675865125679
2017,F16,ISBOA,3,842.0990755812695
2017,F16,SBOA,1,10603.246968275245
2017,F16,ISBOA,4,2605.070797586226
2017,F16,SBOA,2,7001.7902017910765
2017,F16,SBOA,4,32802.88738476876
2017,F16,SBOA,5,2030.8421653773994
2017,F16,SBOA,3,6102.780570876765
2017,F16,ISBOA,5,850.6695308576236
2017,F16,GWO,1,87842.16689661433
2017,F16,GWO,2,31699.790612712
2017,F16,GWO,3,70591.43719325926
2017,F16,WOA,1,205088269.91749242
2017,F16,GWO,4,71105.61576034318
2017,F16,GWO,5,63565.3327295427
2017,F16,WOA,2,254569749.8397471
2017,F16,WOA,4,50081535.00025636
2017,F16,WOA,3,17515179.999671124
2017,F16,WOA,5,3785869204.9720216
2017,F16,SCA,1,2940993477.806418
2017,F16,SCA,4,35864886432.996925
2017,F16,SCA,2,10899993907.12648
2017,F16,SCA,3,3412586571.188752
2017,F16,SCA,5,358050304.6823156
2017,F16,SSA,1,39757.89505305029
2017,F16,SSA,2,33596.561900145345
2017,F16,SSA,3,51941.30386710625
2017,F16,SSA,4,32373.84858426347
2017,F16,SSA,5,48467.10075407463
2017,F16,HHO,1,145293.9918808265
2017,F16,HHO,2,62796.78584889688
2017,F17,ISBOA,1,12317.17139435096
2017,F17,ISBOA,2,24263.010088845516
2017,F17,ISBOA,3,57141.77261995942
2017,F17,ISBOA,4,48735.70987648931
2017,F17,ISBOA,5,24951.902278746056
2017,F17,SBOA,1,150454.33353510252
2017,F17,SBOA,2,153813.85776275798
2017,F17,SBOA,3,299554.99700924655
2017,F16,HHO,3,119196.42536072082
2017,F17,SBOA,4,149870.67366450862
2017,F16,HHO,5,23600.579682516254
2017,F16,HHO,4,103068.78264821785
2017,F16,MPA,1,14945.897506510031
2017,F17,SBOA,5,846873.6246733457
2017,F16,MPA,3,9724.713895461395
2017,F16,MPA,2,5055.264162690913
2017,F16,MPA,4,19941.87661093503
2017,F16,MPA,5,16565.36965688119
2017,F17,GWO,1,74100.12489724308
2017,F17,GWO,2,99959.84832945812
2017,F17,GWO,3,115460.23459755487
2017,F17,GWO,4,6374094.63939457
2017,F17,GWO,5,111735.94151913858
2017,F17,WOA,1,1142753.612243056
2017,F17,WOA,2,457533.84470016306
2017,F16,AOA,1,827513.6650802221
2017,F17,WOA,3,139456.0118224146
2017,F16,AOA,2,59872.80811225846
2017,F17,WOA,4,411676.2098631397
2017,F17,WOA,5,168812.9376827522
2017,F17,SCA,1,294441.28619252285
2017,F17,SCA,2,2237892.384897508
2017,F16,AOA,3,18677.43306833743
2017,F17,SCA,3,1443777.7976682414
2017,F17,SCA,4,691516.0523831489
2017,F17,SCA,5,2160994.7017078027
2017,F17,SSA,2,115865.07823021963
2017,F16,AOA,4,540817.7174210501
2017,F17,SSA,3,79604.37378734392
2017,F17,SSA,1,432168.4424975173
2017,F17,SSA,4,363679.9408163468
2017,F17,SSA,5,131921.8341503396
2017,F17,HHO,1,129844.3745552673
2017,F17,HHO,2,57182.43143175633
2017,F16,AOA,5,28060675.328353092
2017,F17,HHO,3,151724.69146903034
2017,F17,HHO,4,123100.70749769083
2017,F17,HHO,5,229603.66535371085
2017,F17,MPA,1,9587.070954230978
2017,F17,MPA,2,12876.008562673858
2017,F17,MPA,3,11264.596062729373
2017,F17,MPA,4,24014.470587100706
2017,F17,MPA,5,15618.363722097052
2017,F17,AOA,2,2071684.6072787547
2017,F17,AOA,1,2059021.4451505027
2017,F17,AOA,5,131193.34473670984
2017,F17,AOA,4,1461878.8854554868
2017,F17,AOA,3,351801.06380065007
2017,F18,ISBOA,1,36024.00790736715
2017,F18,ISBOA,2,68857.76977310616
2017,F18,SBOA,1,2988.2874070504204
2017,F18,ISBOA,3,8963.211490982045
2017,F18,ISBOA,4,46595.25244485609
2017,F18,ISBOA,5,20954.769200469542
2017,F18,SBOA,2,66.71601887156135
2017,F18,SBOA,3,3517.1511853950406
2017,F18,SBOA,4,6724.904465205458
2017,F18,SBOA,5,595.1307100775002
2017,F18,GWO,1,11597721126.719997
2017,F18,WOA,1,54081278079.82817
2017,F18,GWO,2,141805672.00255656
2017,F18,GWO,4,224440301.62844887
2017,F18,GWO,3,3949869502.9909616
2017,F18,GWO,5,3302594401.8740263
2017,F18,WOA,2,30432469708.674145
2017,F18,WOA,3,131379365158.26118
2017,F18,WOA,5,31358437859.696796
2017,F18,SCA,4,13683258567.631025
2017,F18,SCA,2,53250807176.88988
2017,F18,SCA,3,63030118329.1104
2017,F18,SSA,2,47564.629655850615
2017,F18,WOA,4,135909814230.22374
2017,F18,SCA,1,5689049762.549844
2017,F18,SSA,3,76953.32273457157
2017,F18,SSA,4,98832.89677465087
2017,F18,SSA,5,109791.20944150053
2017,F18,SCA,5,34905145745.44128
2017,F18,SSA,1,105917.49041217905
2017,F18,HHO,1,56407554.12216907
2017,F18,HHO,2,102440520.579361
2017,F18,HHO,4,26631790.58825689
2017,F18,HHO,5,13389768.416167537
2017,F18,MPA,1,209170.32681904297
2017,F18,MPA,2,439848.9028142278
2017,F18,HHO,3,19500840.88952802
2017,F18,MPA,3,244423.16573302003
2017,F18,MPA,5,1728786.4037062183
2017,F18,MPA,4,695328.5123047436
2017,F18,AOA,1,2420723216.502781
2017,F18,AOA,4,434093271.98514104
2017,F18,AOA,5,98467071.12912947
2017,F18,AOA,2,2771217750.9402976
2017,F18,AOA,3,484456145.1694514
2017,F19,ISBOA,1,11.41520934036862
2017,F19,ISBOA,2,437.71990582481476
2017,F19,ISBOA,3,144.9797229649837
2017,F19,ISBOA,4,248.44609602013497
2017,F19,SBOA,1,371.3682536134329
2017,F19,SBOA,2,68.80465538707153
2017,F19,ISBOA,5,246.18768874109992
2017,F19,SBOA,3,26.35242196748527
2017,F19,SBOA,4,165.69121192965486
2017,F19,SBOA,5,56.45270121991052
2017,F19,GWO,1,604.0283661655485
2017,F19,GWO,2,1074.194596651444
2017,F19,GWO,3,257.28072169203233
2017,F19,GWO,4,848.2318606164581
2017,F19,WOA,1,10759.597732074724
2017,F19,GWO,5,1974.561164855063
2017,F19,WOA,2,4055.027376733364
2017,F19,WOA,3,7098.314415022727
2017,F19,WOA,4,14515.51066628072
2017,F19,WOA,5,5896.37407191902
2017,F19,SCA,2,4187.673603197697
2017,F19,SCA,1,1907.227681861942
2017,F19,SCA,3,2969.5138461575216
2017,F19,SCA,4,3553.3897748545714
2017,F19,SCA,5,2650.802900973422
2017,F19,SSA,1,3769.452388523081
2017,F19,SSA,2,1955.0123768782014
2017,F19,SSA,3,2316.4846583872695
2017,F19,SSA,4,1995.5557881941368
2017,F19,SSA,5,1624.3755179111595
2017,F19,HHO,1,2133.3419113045143
2017,F19,HHO,2,3305.440387818445
2017,F2,ISBOA,2,0.37828941755643086
2017,F2,ISBOA,1,3.9734303268468807
2017,F2,ISBOA,3,0.48847625380452087
2017,F2,ISBOA,4,0.07851138019799464
2017,F2,ISBOA,5,28.534891317683872
2017,F2,SBOA,1,2117.464176971547
2017,F2,SBOA,2,1358.6192185775171
2017,F2,SBOA,3,223.66754036444866
2017,F2,SBOA,4,402.613139497259
2017,F19,HHO,3,2515.5428168078925
2017,F19,HHO,4,3814.864615246841
2017,F2,SBOA,5,89.323361568944
2017,F2,GWO,1,23101.521741115925
2017,F2,GWO,2,40395.92336980608
2017,F19,HHO,5,1394.5199888900306
2017,F2,GWO,3,29139.260571059625
2017,F2,GWO,4,17920.86910784283
2017,F2,WOA,1,97350.73890308569
2017,F2,GWO,5,38213.738267519686
2017,F2,WOA,2,35101.08228507605
2017,F2,WOA,3,86274.21497792738
2017,F2,WOA,4,93798.38202878926
2017,F2,WOA,5,62485.40154189022
2017,F2,SCA,1,41400.02832294201
2017,F2,SCA,2,47747.73407197367
2017,F2,SCA,3,43507.71944763579
2017,F2,SCA,4,39918.629055219964
2017,F2,SCA,5,51376.51225086033
2017,F2,SSA,1,3.13153805109323e-08
2017,F2,SSA,2,8.01495048108336e-08
2017,F2,SSA,3,4.59544651221222e-08
2017,F2,SSA,4,3.9223635894813924e-08
2017,F2,SSA,5,4.018733079647063e-08
2017,F2,HHO,1,13555.83543479821
2017,F2,HHO,2,19715.238799955354
2017,F19,MPA,1,817.9489555875261
2017,F2,HHO,3,8880.880680657305
2017,F2,HHO,4,7425.038028557904
2017,F2,HHO,5,12287.939718812302
2017,F19,MPA,2,660.0917778509183
2017,F19,MPA,4,555.3355218562501
2017,F19,MPA,3,799.2700960551833
2017,F2,MPA,1,4622.531452287936
2017,F2,MPA,3,5040.317778981202
2017,F2,MPA,2,5889.642987823273
2017,F2,MPA,4,4473.018124152241
2017,F2,MPA,5,8500.895227544814
2017,F19,MPA,5,684.6085086575858
2017,F2,AOA,2,103113.1735237927
2017,F2,AOA,4,98369.36919567196
2017,F2,AOA,1,58186.87605999818
2017,F2,AOA,3,83902.71759454823
2017,F2,AOA,5,99350.24616614792
2017,F19,AOA,2,4604.119282610278
2017,F19,AOA,1,10401.71759128001
2017,F20,ISBOA,2,1003.4930293809125
2017,F20,ISBOA,1,635.4915923324352
2017,F20,ISBOA,4,944.0263322266992
2017,F20,ISBOA,3,1035.5219908119652
2017,F20,SBOA,1,293.5270599513783
2017,F20,ISBOA,5,102.73494769666013
2017,F19,AOA,3,2843.077936890815
2017,F19,AOA,4,5868.346845193172
2017,F19,AOA,5,5513.812420529855
2017,F20,SBOA,3,148.78753142237338
2017,F20,SBOA,2,199.13729498270732
2017,F20,SBOA,4,310.1124090466137
2017,F20,SBOA,5,286.4233953127459
2017,F20,GWO,1,3213.3156183710616
2017,F20,GWO,2,4744.351872344686
2017,F20,WOA,1,22351.896308628595
2017,F20,GWO,3,1594.7181546088186
2017,F20,WOA,3,10728.232416802826
2017,F20,WOA,2,31950.985224574157
2017,F20,WOA,4,29921.23898381198
2017,F20,GWO,4,4568.643267832756
2017,F20,GWO,5,1097.9291540434106
2017,F20,WOA,5,39017.1734755414
2017,F20,SCA,1,10544.974778053247
2017,F20,SCA,2,19484.49608647192
2017,F20,SCA,3,5239.625996163226
2017,F20,SCA,5,17125.60224795491
2017,F20,SCA,4,23522.050114528858
2017,F20,SSA,1,1208.2598160737962
2017,F20,SSA,2,708.4188167209063
2017,F20,SSA,3,100.00503395952728
2017,F20,SSA,4,649.9922374191779
2017,F20,SSA,5,576.715975323712
2017,F20,HHO,1,2453.723241733298
2017,F20,HHO,2,1509.7933290566557
2017,F20,HHO,3,1745.023974779453
2017,F20,HHO,4,2068.951280085366
2017,F20,HHO,5,1963.9295828294353
2017,F20,MPA,2,1032.315640949094
2017,F20,MPA,1,969.8395871437097
2017,F20,MPA,4,1017.9554611230205
2017,F20,MPA,3,886.4913839975384
2017,F20,MPA,5,1468.21812913316
2017,F20,AOA,1,9696.4465479219
2017,F20,AOA,2,4852.193291170037
2017,F20,AOA,3,8495.414718799511
2017,F20,AOA,4,6806.149759437518
2017,F20,AOA,5,4472.722494931543
2017,F21,ISBOA,1,112.1781915424508
2017,F21,ISBOA,2,119.88196927767285
2017,F21,ISBOA,3,110.0473663657126
2017,F21,SBOA,1,-693.5417150909152
2017,F21,SBOA,2,12.314361337046194
2017,F21,SBOA,3,-70.21303072867408
2017,F21,ISBOA,5,107.61537864567208
2017,F21,ISBOA,4,125.0844889928344
2017,F21,SBOA,4,75.53939568930446
2017,F21,SBOA,5,44.78544700021757
2017,F21,GWO,1,117.6178523665053
2017,F21,GWO,2,154.91306307930745
2017,F21,GWO,3,134.58355965244982
2017,F21,GWO,4,79.13793724648212
2017,F21,WOA,1,1064.095291034433
2017,F21,WOA,2,1219.1105801732365
2017,F21,WOA,3,1320.840496343003
2017,F21,WOA,4,2078.29423233767
2017,F21,GWO,5,117.36782898260981
2017,F21,WOA,5,971.8672415738038
2017,F21,SCA,1,569.8160657745002
2017,F21,SCA,3,386.4638328245237
2017,F21,SCA,2,496.15395566772213
2017,F21,SCA,4,522.4521091792185
2017,F21,SSA,1,111.07054588246137
2017,F21,SCA,5,471.9915917881449
2017,F21,SSA,2,175.91916615892023
2017,F21,SSA,3,122.28630356922486
2017,F21,SSA,4,71.09178332490183
2017,F21,SSA,5,129.09408015446434
2017,F21,HHO,1,328.63743021115806
2017,F21,HHO,3,-624.1967866671957
2017,F21,HHO,2,621.7935810714134
2017,F21,HHO,4,305.48520060213104
2017,F21,HHO,5,707.30558295834
2017,F21,MPA,1,189.05274951331648
2017,F21,MPA,2,218.21309998403876
2017,F21,MPA,3,182.61086187499131
2017,F21,MPA,4,157.91911585742082
2017,F21,MPA,5,203.20199747886545
2017,F21,AOA,1,370.4868646833361
2017,F21,AOA,2,-268.0773181020031
2017,F21,AOA,3,460.40927830339933
2017,F22,ISBOA,1,204.3820456481576
2017,F21,AOA,4,-3616.1299824490807
2017,F22,ISBOA,2,227.46052292782497
2017,F21,AOA,5,-3638.708553364438
2017,F22,SBOA,1,257.1160522745995
2017,F22,ISBOA,3,206.30907521638483
2017,F22,SBOA,2,313.70799299863666
2017,F22,ISBOA,4,209.61747592964366
2017,F22,SBOA,4,270.9382125950174
2017,F22,ISBOA,5,215.3259075424544
2017,F22,SBOA,3,574.9671969535948
2017,F22,SBOA,5,434.6234373767247
2017,F22,GWO,1,4560.395637481756
2017,F22,GWO,2,5041.437037332763
2017,F22,GWO,3,2682.1513331707247
2017,F22,GWO,4,3293.061114134216
2017,F22,WOA,1,24288.260958537143
2017,F22,WOA,2,46091.8600695187
2017,F22,WOA,4,33991.32762385984
2017,F22,WOA,3,49434.206781469
2017,F22,WOA,5,30384.314462857878
2017,F22,SCA,1,24771.39150886353
2017,F22,GWO,5,5926.458045371536
2017,F22,SCA,3,22301.637336246753
2017,F22,SCA,4,22165.244107731498
2017,F22,SCA,2,20155.5572836295
2017,F22,SCA,5,23766.201752081346
2017,F22,SSA,1,744.5188981262818
2017,F22,SSA,2,668.4220232944936
2017,F22,SSA,3,811.7143097281632
2017,F22,SSA,4,200.01639481155098
2017,F22,SSA,5,200.01672204108354
2017,F22,HHO,1,6363.623894083397
2017,F22,HHO,2,4010.5870628418334
2017,F22,HHO,3,3573.375095682927
2017,F22,HHO,5,5604.776502840285
2017,F22,HHO,4,3663.717431958339
2017,F22,MPA,1,5641.912613458217
2017,F22,MPA,4,5701.2283366083375
2017,F22,MPA,2,4613.6749733067645
2017,F22,MPA,3,2989.6597427035977
2017,F22,MPA,5,6101.262691277843
2017,F22,AOA,1,45200.36931469707
2017,F22,AOA,3,24899.63697765282
2017,F22,AOA,2,31595.513956157025
2017,F23,ISBOA,1,203.75225569513486
2017,F23,SBOA,1,214.11683060046016
2017,F23,ISBOA,2,202.2476475897065
2017,F23,SBOA,2,233.5035846418241
2017,F23,ISBOA,3,210.15134542481883
2017,F23,ISBOA,5,201.90480880793348
2017,F23,SBOA,4,221.79298309272235
2017,F23,SBOA,3,220.46994059794633
2017,F23,ISBOA,4,206.41849917732407
2017,F23,SBOA,5,372.62237155478806
2017,F22,AOA,4,26744.777882750222
2017,F22,AOA,5,23498.928557006424
2017,F23,GWO,1,5379.730515832208
2017,F23,GWO,2,5338.800177080155
2017,F23,GWO,3,4811.470644854647
2017,F23,GWO,4,3915.271891451941
2017,F23,WOA,1,17716.789789473652
2017,F23,WOA,2,29516.72635011728
2017,F23,WOA,3,14025.501825001447
2017,F23,WOA,4,15885.861193242643
2017,F23,GWO,5,3362.316313993957
2017,F23,SCA,1,13009.170193903436
2017,F23,WOA,5,12684.819624220596
2017,F23,SCA,2,13921.636836050271
2017,F23,SCA,3,14232.897542134007
2017,F23,SCA,4,13670.584169753902
2017,F23,SSA,1,200.01453322212456
2017,F23,SCA,5,15069.00230572133
2017,F23,SSA,2,446.9299299749482
2017,F23,SSA,3,469.76075110038846
2017,F23,SSA,4,200.01412405879228
2017,F23,SSA,5,200.00844354827268
2017,F23,HHO,2,4439.233308097434
2017,F23,HHO,3,2578.7376242237588
2017,F23,HHO,4,4097.705920727227
2017,F23,HHO,5,3246.101610890373
2017,F23,HHO,1,3152.3618164615073
2017,F23,MPA,1,2893.5449320283406
2017,F23,MPA,2,3871.0423307930505
2017,F23,MPA,3,3573.219387076231
2017,F23,MPA,4,3771.9177329180366
2017,F23,MPA,5,4059.826058074088
2017,F23,AOA,1,15999.800283816865
2017,F23,AOA,2,17642.82906296045
2017,F23,AOA,3,18421.076195081474
2017,F23,AOA,4,17774.637583387506
2017,F24,ISBOA,1,431.2743466151155
2017,F23,AOA,5,15337.526748097996
2017,F24,SBOA,1,435.3361771273394
2017,F24,SBOA,3,425.6860653147096
2017,F24,SBOA,2,424.02644973571114
2017,F24,ISBOA,2,449.97029106267473
2017,F24,ISBOA,3,438.711324330317
2017,F24,ISBOA,4,435.3105223479256
2017,F24,ISBOA,5,511.67482457535107
2017,F24,SBOA,4,437.10760631529865
2017,F24,SBOA,5,450.41004004183014
2017,F24,GWO,1,613.9563691745261
2017,F24,GWO,2,533.6459157236986
2017,F24,GWO,3,584.2537724846111
2017,F24,WOA,1,2049.227292634526
2017,F24,GWO,4,543.2595877134895
2017,F24,WOA,3,1806.9240458592358
2017,F24,WOA,2,2332.011982290298
2017,F24,GWO,5,745.4507205698565
2017,F24,WOA,4,2213.010350838418
2017,F24,SCA,2,1527.2044831843696
2017,F24,SCA,3,1671.7615714434096
2017,F24,WOA,5,2393.6782060780824
2017,F24,SCA,1,1537.7043071518638
2017,F24,SCA,4,1992.2684234695244
2017,F24,SSA,1,442.25580099492163
2017,F24,SCA,5,1551.5476073053496
2017,F24,SSA,2,437.8944371354296
2017,F24,SSA,3,427.3068395838932
2017,F24,SSA,4,425.58710719850114
2017,F24,SSA,5,446.6066230258002
2017,F24,HHO,1,529.1806567868784
2017,F24,HHO,2,923.8918256021207
2017,F24,HHO,5,635.3490728621159
2017,F24,HHO,3,600.0522724358434
2017,F24,HHO,4,664.9180933545208
2017,F24,MPA,1,474.2046024799638
2017,F24,MPA,2,507.8007622477362
2017,F24,MPA,3,475.7529415940039
2017,F24,MPA,4,542.1520384534033
2017,F24,MPA,5,520.1183326527935
2017,F24,AOA,1,2732.7165271785034
2017,F24,AOA,3,1553.3610159580726
2017,F24,AOA,2,1652.417721707503
2017,F24,AOA,4,2748.4775616290353
2017,F24,AOA,5,3455.845105035254
2017,F25,ISBOA,1,837.9616039958082
2017,F25,SBOA,3,834.6957821858591
2017,F25,SBOA,2,875.4037995900089
2017,F25,SBOA,5,850.4792957725103
2017,F25,ISBOA,4,850.0323311688312
2017,F25,SBOA,4,830.0522258651445
2017,F25,ISBOA,3,845.9984971346794
2017,F25,SBOA,1,839.6152905367203
2017,F25,ISBOA,2,849.5334511024435
2017,F25,ISBOA,5,875.6385559032246
2017,F25,GWO,1,1017.934458857666
2017,F25,GWO,2,987.3490024364037
2017,F25,GWO,3,908.999302173539
2017,F25,GWO,5,956.8568077158916
2017,F25,GWO,4,923.6551107559831
2017,F25,WOA,1,2143.356820539775
2017,F25,WOA,2,8090.22279748748
2017,F25,WOA,4,1662.296919226099
2017,F25,WOA,3,1452.1604346612867
2017,F25,WOA,5,1753.2267474580794
2017,F25,SCA,3,1331.6659266497054
2017,F25,SCA,2,1789.3854633940264
2017,F25,SCA,1,2172.112723735828
2017,F25,SCA,5,1937.426151023552
2017,F25,SCA,4,1223.54208267998
2017,F25,SSA,1,969.4398152606968
2017,F25,SSA,2,874.4770344895187
2017,F25,SSA,3,856.7154820974088
2017,F25,SSA,4,832.3709694899671
2017,F25,SSA,5,835.8149582640954
2017,F25,HHO,1,1218.7864219617177
2017,F25,HHO,2,1547.1188120470924
2017,F25,HHO,3,1005.9860049016784
2017,F25,HHO,5,967.1488495587159
2017,F25,MPA,1,861.5453612506362
2017,F25,HHO,4,911.7875405999739
2017,F25,MPA,2,901.355427811021
2017,F25,MPA,4,895.3463987976656
2017,F25,MPA,3,859.8688736900849
2017,F25,MPA,5,897.856919264932
2017,F25,AOA,1,1355.0323689350885
2017,F25,AOA,3,1269.280474681389
2017,F25,AOA,2,1337.8066923111182
2017,F25,AOA,5,1138.363853971683
2017,F25,AOA,4,1063.8809344198094
2017,F26,ISBOA,1,541.9112996918007
2017,F26,ISBOA,3,510.63426584139415
2017,F26,ISBOA,2,533.5116276722342
2017,F26,SBOA,1,502.28073033388046
2017,F26,SBOA,3,515.504358440432
2017,F26,SBOA,4,501.40063369355994
2017,F26,ISBOA,4,502.472672578981
2017,F26,SBOA,5,520.0646356091529
2017,F26,ISBOA,5,531.1743346570902
2017,F26,SBOA,2,516.0989969738525
2017,F26,GWO,1,528.2074124487272
2017,F26,GWO,2,506.312816609789
2017,F26,GWO,3,551.1836889030678
2017,F26,WOA,2,1209.7946900391871
2017,F26,WOA,1,1545.790112118818
2017,F26,GWO,5,516.4564078185144
2017,F26,GWO,4,579.1529492143572
2017,F26,WOA,3,1532.555784355517
2017,F26,WOA,4,1242.3079084508308
2017,F26,WOA,5,976.1809751130454
2017,F26,SCA,2,988.9777541114345
2017,F26,SCA,1,872.75329644564
2017,F26,SCA,3,816.21975660629
2017,F26,SCA,4,902.4179705379788
2017,F26,SCA,5,955.0586835598356
2017,F26,SSA,1,569.2967663453596
2017,F26,SSA,2,540.3020501062624
2017,F26,SSA,3,617.583625925347
2017,F26,SSA,4,608.2234468224779
2017,F26,SSA,5,552.7077244149896
2017,F26,HHO,2,923.2597331767338
2017,F26,HHO,1,907.8492332246419
2017,F26,HHO,4,808.8215036546153
2017,F26,HHO,3,965.2826713255163
2017,F26,HHO,5,829.1474071169432
2017,F26,MPA,2,583.4016804789771
2017,F26,MPA,1,552.9276297959987
2017,F26,MPA,3,538.4401232205819
2017,F26,MPA,4,544.853009341432
2017,F26,MPA,5,535.6184139042621
2017,F26,AOA,1,660.4901986215345
2017,F26,AOA,2,709.1992892916951
2017,F26,AOA,3,652.9501005966886
2017,F27,ISBOA,1,436.03962681376333
2017,F27,ISBOA,2,218.24678803387633
2017,F26,AOA,4,640.9036073395787
2017,F27,ISBOA,4,218.1032282816609
2017,F27,ISBOA,3,76.69924335202404
2017,F26,AOA,5,650.312795560928
2017,F27,ISBOA,5,448.50766451981326
2017,F27,SBOA,1,340.2530417583139
2017,F27,SBOA,2,99.896572580255
2017,F27,SBOA,4,448.931806252559
2017,F27,SBOA,5,451.19725837630176
2017,F27,SBOA,3,40.55051851375947
2017,F27,GWO,1,524.1403090145109
2017,F27,GWO,2,476.2051393084221
2017,F27,GWO,3,498.9492441031439
2017,F27,WOA,1,1129.6220945336772
2017,F27,WOA,2,1621.6427977999938
2017,F27,GWO,5,474.35662612615397
2017,F27,GWO,4,489.74240676538875
2017,F27,WOA,3,1017.6908247242886
2017,F27,WOA,5,1502.6589607449177
2017,F27,SCA,2,1202.3724103649606
2017,F27,WOA,4,1364.9952367150572
2017,F27,SCA,1,1152.1298057279337
2017,F27,SCA,3,1177.4944998674746
2017,F27,SCA,4,1796.39743107301
2017,F27,SCA,5,1470.9015448929595
2017,F27,SSA,1,33.89672128063921
2017,F27,SSA,2,450.1132367407613
2017,F27,SSA,3,105.71993986636062
2017,F27,SSA,4,453.1562224638051
2017,F27,SSA,5,460.88049718742514
2017,F27,HHO,1,537.6684293983526
2017,F27,HHO,2,530.0074835889345
2017,F27,HHO,3,564.9512332931604
2017,F27,HHO,4,640.1184780253998
2017,F27,HHO,5,546.4514937623849
2017,F27,MPA,1,479.5367718204275
2017,F27,MPA,2,344.14541540212986
2017,F27,MPA,3,500.0188089044518
2017,F27,MPA,4,370.6761866832685
2017,F27,MPA,5,448.6756867840945
2017,F27,AOA,1,1289.8034741637803
2017,F27,AOA,2,1307.838342190992
2017,F27,AOA,3,1851.9569759850037
2017,F27,AOA,4,1662.722694550901
2017,F27,AOA,5,1301.42027363325
2017,F28,ISBOA,1,10464.265841084636
2017,F28,ISBOA,2,30737.178943643798
2017,F28,SBOA,1,43167.24087831583
2017,F28,ISBOA,3,18605.24986449206
2017,F28,ISBOA,4,41096.60496973634
2017,F28,ISBOA,5,64861.20807318023
2017,F28,SBOA,3,495111.39019983157
2017,F28,SBOA,2,37706.95652396776
2017,F28,SBOA,4,14666.778617549986
2017,F28,SBOA,5,10452.537739786203
2017,F28,GWO,1,169182580.2951229
2017,F28,GWO,2,6437222.662203142
2017,F28,GWO,3,315717480.60214394
2017,F28,GWO,4,119110901.36189076
2017,F28,GWO,5,103620.37958724168
2017,F28,WOA,1,33280782272.68358
2017,F28,WOA,3,3781490326.660296
2017,F28,WOA,5,15322863675.685175
2017,F28,WOA,2,10395173933.16999
2017,F28,SCA,1,3229551306.22957
2017,F28,WOA,4,795870146.6869
2017,F28,SCA,2,6244602809.655444
2017,F28,SCA,3,8515440295.298529
2017,F28,SCA,4,23996192593.593857
2017,F28,SCA,5,1718012375.9780288
2017,F28,SSA,1,142716.89972509717
2017,F28,SSA,2,97242.84190583689
2017,F28,SSA,3,153874.05788263716
2017,F28,SSA,4,38795.022243091495
2017,F28,SSA,5,59538.77405473181
2017,F28,HHO,1,1925642.2604356227
2017,F28,HHO,2,6218132.23791242
2017,F28,HHO,4,10002147.951535081
2017,F28,HHO,3,10587257.244651403
2017,F28,MPA,1,725396.6975866976
2017,F28,HHO,5,19184446.95145319
2017,F28,MPA,5,1137268.2590326916
2017,F28,MPA,2,71415.89609499593
2017,F28,MPA,3,452414.32862139796
2017,F28,MPA,4,111174.8715228992
2017,F28,AOA,1,76284085.70263056
2017,F29,ISBOA,1,45141.8401202229
2017,F29,ISBOA,2,56870.058882344354
2017,F29,ISBOA,3,106645.50355470591
2017,F28,AOA,2,246794097.53083163
2017,F28,AOA,4,404598650.1436536
2017,F28,AOA,3,113653952.94239424
2017,F29,ISBOA,4,88770.16111077083
2017,F29,SBOA,1,30920.90227422071
2017,F29,SBOA,2,1603692.6933884502
2017,F29,ISBOA,5,63332.866122402556
2017,F29,SBOA,3,36752.87133478852
2017,F29,SBOA,5,75691.71394181417
2017,F28,AOA,5,124692129.66495606
2017,F29,SBOA,4,243960.20451267099
2017,F29,GWO,1,183355741.8261455
2017,F29,GWO,2,574085985.7738214
2017,F29,GWO,3,2576191435.386098
2017,F29,GWO,4,271511356.6419769
2017,F29,GWO,5,1505616226.65933
2017,F29,WOA,1,23733793427.56456
2017,F29,WOA,2,12419335387.035122
2017,F29,WOA,5,18438510857.01792
2017,F29,WOA,4,8626579679.872974
2017,F29,SCA,1,9094301196.078075
2017,F29,WOA,3,19915609832.584354
2017,F29,SCA,3,2816111578.6869063
2017,F29,SCA,4,1445088539.6127763
2017,F29,SCA,5,4587856805.55842
2017,F29,SCA,2,4080025009.1968427
2017,F29,SSA,1,1057586.0865182304
2017,F29,SSA,2,274697.78618761274
2017,F29,SSA,3,37392681.215530954
2017,F29,SSA,4,563996.7561072491
2017,F29,SSA,5,464407.4454288325
2017,F29,HHO,1,966839756.9806103
2017,F3,ISBOA,1,76.01695703976742
2017,F3,ISBOA,2,87.26939532348024
2017,F29,HHO,2,95334198.2725985
2017,F3,ISBOA,3,88.66786951732644
2017,F3,SBOA,1,78.42180767919598
2017,F3,ISBOA,4,84.4576778619105
2017,F3,ISBOA,5,137.45721328709408
2017,F29,HHO,3,350926668.98229814
2017,F3,SBOA,2,57.53920339102581
2017,F3,SBOA,3,43.8534791799795
2017,F3,SBOA,4,86.88755768767584
2017,F3,SBOA,5,32.69460812366191
2017,F29,HHO,4,10898408.961135728
2017,F29,MPA,1,1526628.2619787229
2017,F29,HHO,5,160744057.56869036
2017,F29,MPA,5,4098603.6929141195
2017,F29,MPA,3,1111909.5475337855
2017,F29,MPA,4,2368872.8178471113
2017,F3,GWO,1,320.0943450838706
2017,F3,GWO,2,359.19417997992093
2017,F3,GWO,3,317.64582577253736
2017,F29,MPA,2,1155192.8728123698
2017,F3,WOA,1,1751.449050944565
2017,F3,WOA,2,4652.073611460193
2017,F3,WOA,3,3221.8096650835973
2017,F3,WOA,4,5826.515827384514
2017,F3,WOA,5,3021.2130154066476
2017,F3,GWO,4,188.00204896347566
2017,F3,SCA,1,2820.935920957716
2017,F3,SCA,2,2168.2470474579513
2017,F3,GWO,5,401.5329685484211
2017,F3,SCA,3,2327.1045659964266
2017,F3,SCA,4,1010.7759395718663
2017,F3,SCA,5,3281.277888963644
2017,F3,SSA,1,81.19437124345336
2017,F3,SSA,2,31.89900058918073
2017,F3,SSA,3,90.8622004897436
2017,F3,SSA,4,34.836585625908185
2017,F3,SSA,5,31.819304218977436
2017,F29,AOA,1,710407581.8306309
2017,F29,AOA,2,1170479233.8804283
2017,F3,HHO,2,471.61311964898925
2017,F3,HHO,1,310.69570043159626
2017,F3,HHO,3,257.43378861817064
2017,F29,AOA,3,444489283.56714386
2017,F3,HHO,4,206.50098282880282
2017,F3,HHO,5,430.65845155030706
2017,F3,MPA,1,147.28369577957505
2017,F3,MPA,2,178.41727442506692
2017,F3,MPA,3,296.3802592951672
2017,F3,MPA,4,318.42963873539486
2017,F3,MPA,5,168.99195667613424
2017,F4,ISBOA,1,941.9554127049996
2017,F4,ISBOA,2,975.9882023389582
2017,F4,SBOA,1,140.33174865717058
2017,F4,SBOA,2,124.57991164444695
2017,F4,ISBOA,3,702.8246376335696
2017,F4,SBOA,3,322.87743515900036
2017,F4,SBOA,4,172.95665519665113
2017,F4,ISBOA,4,1386.5178828220828
2017,F4,ISBOA,5,489.2675247893128
2017,F3,AOA,1,8791.95911015387
2017,F4,SBOA,5,207.5647130116638
2017,F3,AOA,3,8869.144720324939
2017,F3,AOA,2,5016.807921842893
2017,F4,WOA,1,37498.52249358984
2017,F3,AOA,4,5614.550198573758
2017,F3,AOA,5,2194.6578794836682
2017,F4,WOA,2,61191.855503866725
2017,F4,WOA,3,51061.78717951337
2017,F4,WOA,4,53686.94022166601
2017,F4,GWO,2,329.1951619401905
2017,F4,GWO,1,4748.348360017841
2017,F4,GWO,3,3548.296662609747
2017,F4,GWO,4,3989.033620399593
2017,F4,GWO,5,1861.666543181549
2017,F4,WOA,5,46651.62062193846
2017,F4,SCA,1,21377.029190253073
2017,F4,SCA,2,24397.927874993748
2017,F29,AOA,4,1291206089.5855188
2017,F4,SCA,3,23336.684428066514
2017,F4,SCA,4,21875.39403509301
2017,F4,SSA,1,228.83865057045455
2017,F4,SCA,5,26880.163383798637
2017,F4,SSA,2,385.0440803324982
2017,F4,SSA,3,111.43515618328644
2017,F4,SSA,5,260.6770586606199
2017,F4,SSA,4,292.5156334352789
2017,F4,HHO,2,3147.6558431815015
2017,F4,HHO,1,3216.2502005595743
2017,F4,HHO,4,2861.2546982835315
2017,F4,HHO,3,5739.830002302592
2017,F4,HHO,5,3101.404527442797
2017,F4,MPA,1,2148.777956741514
2017,F4,MPA,2,1278.1851389430794
2017,F4,MPA,3,1470.307082681855
2017,F4,MPA,4,2170.6892833720603
2017,F4,MPA,5,1251.2491609707206
2017,F29,AOA,5,729508514.4710624
2017,F4,AOA,1,30702.845330132033
2017,F4,AOA,2,29630.389900262966
2017,F4,AOA,3,31680.899629253552
2017,F4,AOA,4,22339.218139936063
2017,F4,AOA,5,38517.628728163705
2017,F5,SBOA,3,8.844725942935838e-05
2017,F5,SBOA,1,1.22577746992647e-05
2017,F5,SBOA,2,0.00018987213394439095
2017,F5,SBOA,4,0.0001938455837944275
2017,F5,SBOA,5,0.0009262057378123245
2017,F5,ISBOA,3,8.386209458421945e-06
2017,F5,ISBOA,2,1.8569692201708676e-06
2017,F5,ISBOA,4,3.05148716961412e-07
2017,F5,ISBOA,5,1.1770773483021912e-05
2017,F5,ISBOA,1,0.00022723867806462295
2017,F5,GWO,1,0.00024455595257677487
2017,F5,WOA,1,0.01035909995169959
2017,F5,WOA,2,0.0348487586973647
2017,F5,WOA,5,0.02646645390774438
2017,F5,WOA,4,0.04240695660195115
2017,F5,WOA,3,0.017001017659254103
2017,F5,SSA,1,0.00016319483478355323
2017,F5,SCA,1,0.02869372505949741
2017,F5,SCA,2,0.013677622134594003
2017,F5,SCA,3,0.017835827223052547
2017,F5,SCA,5,0.033732775157943706
2017,F5,SCA,4,0.033193347741132584
2017,F5,GWO,3,0.00021717291895129165
2017,F5,GWO,2,0.001646535519853387
2017,F5,GWO,4,0.0015290610925262627
2017,F5,GWO,5,0.0033593270454730373
2017,F5,SSA,2,0.00010883034229891564
2017,F5,SSA,3,0.0020296178280432287
2017,F5,SSA,4,0.0002738240270332426
2017,F5,SSA,5,0.0006392214472725755
2017,F5,HHO,1,0.01427281518192558
2017,F5,HHO,2,0.010105540854226547
2017,F5,HHO,3,0.0026670316689774154
2017,F5,HHO,5,0.0027641771318371866
2017,F5,HHO,4,0.00233575586275947
2017,F5,MPA,4,0.009165195632022005
2017,F5,MPA,3,0.003102645855449282
2017,F5,MPA,2,0.004264029366026989
2017,F5,MPA,1,0.00839454561941011
2017,F5,MPA,5,0.005170879656247962
2017,F6,SBOA,2,341.97026031213124
2017,F6,SBOA,4,232.6396494802334
2017,F5,AOA,1,0.027035622296182282
2017,F6,SBOA,1,381.4588323075734
2017,F6,SBOA,3,376.9925136524305
2017,F6,ISBOA,1,439.63996170560813
2017,F5,AOA,2,0.025130262523987312
2017,F6,SBOA,5,358.49483066671087
2017,F6,ISBOA,2,975.5627413940665
2017,F6,ISBOA,4,639.0841402615788
2017,F6,ISBOA,5,495.71177114906936
2017,F6,ISBOA,3,516.0459260151149
2017,F5,AOA,3,0.03801594268458075
2017,F6,GWO,1,260733.5277866841
2017,F6,WOA,1,1075615.6713428362
2017,F6,WOA,2,1243204.9875268105
2017,F6,WOA,3,1528301.8660668952
2017,F6,WOA,4,1460632.3573509771
2017,F5,AOA,5,0.02419233823218292
2017,F5,AOA,4,0.04272666523996804
2017,F6,WOA,5,1545994.2259811275
2017,F6,SCA,1,1041669.8634020822
2017,F6,SCA,2,1068965.0188088159
2017,F6,SCA,3,1036604.8266881207
2017,F6,SCA,4,853428.203520867
2017,F6,GWO,2,166212.60875611228
2017,F6,GWO,3,100945.47965258002
2017,F6,GWO,4,78620.453896498
2017,F6,GWO,5,28242.037718314383
2017,F6,SCA,5,991247.9051987185
2017,F6,SSA,1,280.4953108429381
2017,F6,SSA,2,348.7227149954658
2017,F6,SSA,3,277.0592529668902
2017,F6,SSA,4,590.9897542368235
2017,F6,SSA,5,342.26301066708606
2017,F6,HHO,1,34542.17253821735
2017,F6,HHO,2,42224.03313596027
2017,F6,HHO,3,56480.66235999561
2017,F6,HHO,4,113262.16587552227
2017,F6,HHO,5,73203.95959069069
2017,F6,MPA,1,49974.90256371273
2017,F6,MPA,3,37969.65795069621
2017,F6,MPA,2,35334.52183372457
2017,F6,MPA,4,65852.21510439104
2017,F6,MPA,5,45508.31145073192
2017,F6,AOA,1,844427.3029017415
2017,F6,AOA,3,1190366.2632077967
2017,F6,AOA,4,1009689.7069190891
2017,F6,AOA,2,944897.4199190333
2017,F6,AOA,5,1397212.5174579802
2017,F7,SBOA,1,124.00000067255303
2017,F7,SBOA,2,208.00503612363138
2017,F7,ISBOA,1,128.00079859597167
2017,F7,SBOA,5,192.00000012299188
2017,F7,SBOA,3,160.00000052405449
2017,F7,ISBOA,2,170.50355925395422
2017,F7,SBOA,4,222.00000005458514
2017,F7,ISBOA,3,299.11159332741863
2017,F7,ISBOA,4,192.50000029372313
2017,F7,ISBOA,5,114.00000231466447
2017,F7,GWO,1,182.00613545136878
2017,F7,WOA,1,691.6184636211945
2017,F7,WOA,4,680.6630028412021
2017,F7,WOA,3,723.1929098029823
2017,F7,GWO,2,204.4515646031275
2017,F7,WOA,5,758.8923802148345
2017,F7,SCA,1,686.076833647018
2017,F7,WOA,2,687.2853987430487
2017,F7,SCA,2,665.0781253802968
2017,F7,SCA,4,617.3575117558462
2017,F7,SSA,1,390.5000000001878
2017,F7,GWO,3,262.5030713114139
2017,F7,SCA,3,473.1731106003863
2017,F7,GWO,4,136.0007183674868
2017,F7,SCA,5,590.1072907060516
2017,F7,GWO,5,270.5000005887323
2017,F7,SSA,2,437.0000000000373
2017,F7,SSA,3,548.500000000266
2017,F7,SSA,4,469.0000000000118
2017,F7,SSA,5,306.0000000000572
2017,F7,HHO,3,523.4857213463633
2017,F7,HHO,2,378.5402609937753
2017,F7,HHO,1,446.90419601156214
2017,F7,HHO,4,529.5262360341158
2017,F7,HHO,5,454.7257636682418
2017,F7,MPA,2,499.9800700869896
2017,F7,MPA,1,363.5582296372272
2017,F7,MPA,3,489.99164538795367
2017,F7,MPA,5,462.4258679723189
2017,F7,MPA,4,475.349457421059
2017,F8,SBOA,1,3.0178829639236255
2017,F8,SBOA,2,4.9259007843392055
2017,F8,SBOA,5,3.4430170576086994
2017,F8,SBOA,4,2.4690543474720243
2017,F8,SBOA,3,0.8135114185340626
2017,F8,ISBOA,1,4.578766767122943
2017,F7,AOA,1,568.5142526464051
2017,F7,AOA,2,593.6060967355106
2017,F8,ISBOA,2,0.6344097183254007
2017,F8,ISBOA,3,2.815479192285011
2017,F8,ISBOA,4,4.17452863176004
2017,F8,ISBOA,5,1.6966316038767673
2017,F8,GWO,1,5.49933129699582
2017,F7,AOA,3,764.8828628356423
2017,F8,WOA,1,36.71185496983162
2017,F8,WOA,3,23.830256547265435
2017,F8,WOA,2,33.50244613601717
2017,F8,WOA,4,37.8685691964688
2017,F8,WOA,5,16.859160095149036
2017,F8,SCA,1,13.215811449786884
2017,F8,SCA,2,15.136204748839418
2017,F8,SCA,3,22.115816694190016
2017,F8,GWO,2,6.210484916624864
2017,F7,AOA,4,699.0888416966354
2017,F8,GWO,3,2.7352405051684627
2017,F8,GWO,4,2.728762755200364
2017,F8,GWO,5,2.4394792679224793
2017,F8,SCA,4,14.89793528061682
2017,F7,AOA,5,619.237175874056
2017,F8,SCA,5,16.918350861609724
2017,F8,SSA,1,4.382610181865061
2017,F8,SSA,2,7.015414520601325
2017,F8,SSA,3,13.382073664493078
2017,F8,SSA,5,13.473961860749114
2017,F8,SSA,4,9.24564733652926
2017,F8,HHO,1,6.539137444128528
2017,F8,HHO,2,12.129535796515256
2017,F8,HHO,4,7.604625055383167
2017,F8,HHO,3,5.114291568889371
2017,F8,HHO,5,14.182909399763275
2017,F8,MPA,1,3.356133660201408
2017,F8,MPA,2,2.364996324158369
2017,F8,MPA,3,2.8200756259645914
2017,F8,MPA,5,2.08471983386562
2017,F8,MPA,4,2.778052722968937
2017,F8,AOA,1,41.36345574410984
2017,F8,AOA,2,38.97419079547262
2017,F9,SBOA,1,259.2582721164363
2017,F8,AOA,3,31.14723855745899
2017,F8,AOA,5,33.00284902331896
2017,F8,AOA,4,19.735881277621957
2017,F9,SBOA,4,-3435.0492526915914
2017,F9,ISBOA,1,-288.8852304509146
2017,F9,SBOA,3,-3826.148121052829
2017,F9,SBOA,2,-2073.673866375517
2017,F9,ISBOA,2,1038.5458452815255
2017,F9,SBOA,5,-2685.729445326304
2017,F9,ISBOA,4,400.3967885968668
2017,F9,ISBOA,3,-2894.644947539289
2017,F9,ISBOA,5,-4123.758198087806
2017,F9,GWO,1,-1342.5761173938772
2017,F9,WOA,2,5062.337422451119
2017,F9,WOA,3,5062.337422451119
2017,F9,WOA,4,3179.694084649038
2017,F9,WOA,5,-528.7382297207732
2017,F9,WOA,1,4339.437582030854
2017,F9,SCA,1,3411.518923673986
2017,F9,SCA,2,5299.3490089830175
2017,F9,GWO,2,-383.34187115650093
2017,F9,SCA,3,1994.1279929025586
2017,F9,SSA,1,-2088.0930056732614
2017,F9,SCA,4,3883.518516222088
2017,F9,SCA,5,3207.2631909159863
2017,F9,GWO,4,-659.5157310967734
2017,F9,GWO,3,-1875.8871104707705
2017,F9,GWO,5,-1166.65227320333
2017,F9,SSA,2,-3310.767694099599
2017,F9,SSA,5,-2381.541489327743
2017,F9,SSA,4,-3855.782322757863
2017,F9,SSA,3,-2163.47466589901
2017,F9,HHO,1,1671.4698248650348
2017,F9,HHO,2,2103.4810836936667
2017,F9,HHO,4,-2541.7991041966598
2017,F9,HHO,3,272.05844969299505
2017,F9,HHO,5,-469.3063496078521
2017,F9,MPA,1,3097.357193543601
2017,F9,MPA,2,1790.4721071387157
2017,F9,MPA,3,2605.2677711580764
2017,F9,MPA,5,2233.943274865751
2017,F9,MPA,4,2318.4023234094057
2020,F1,ISBOA,1,2073.6790059217315
2020,F1,SBOA,1,52.65418805928658
2020,F1,SBOA,2,1824.7660945796588
2020,F1,ISBOA,2,9385.644876163835
2020,F1,ISBOA,3,5488.155458084059
2020,F1,SBOA,3,6268.052569749852
2020,F1,ISBOA,4,48.00543908404967
2020,F1,SBOA,4,3730.7893071853237
2020,F1,SBOA,5,4369.508080912206
2020,F1,ISBOA,5,1207.9419652655101
2020,F1,WOA,1,453614929.7159933
2017,F9,AOA,1,-306.32907979547963
2020,F1,GWO,1,1418103.8427469071
2020,F1,WOA,3,529964276.5799792
2020,F1,WOA,2,1913951320.8115778
2020,F1,WOA,4,1126093833.2484076
2020,F1,WOA,5,631819813.4653686
2017,F9,AOA,2,-643.3505964004362
2020,F1,SCA,1,852110611.815786
2020,F1,GWO,2,49006.0566996015
2020,F1,GWO,4,27907247.580083158
2020,F1,GWO,3,123100.30058047482
2020,F1,GWO,5,372425547.81430596
2017,F9,AOA,3,-1765.384040486997
2020,F1,SSA,1,7203.851163445873
2020,F1,SCA,2,1290061800.2394612
2020,F1,SSA,2,3194.0366789681516
2020,F1,SCA,4,721833877.8456583
2020,F1,SSA,3,0.12878083239702676
2020,F1,SCA,3,1377545092.851702
2020,F1,SSA,4,2031.3898583170849
2020,F1,SSA,5,2425.6580530211877
2020,F1,SCA,5,354417136.17767185
2020,F1,HHO,1,7279841.384390944
2020,F1,HHO,2,7447396.890880128
2020,F1,HHO,3,2574835.7227206067
2020,F1,HHO,4,4152733.6372269653
2020,F1,HHO,5,886767.8546909639
2020,F1,MPA,1,176703.71975890253
2020,F1,MPA,2,186419.35914015022
2020,F1,MPA,3,464938.01156155515
2020,F1,MPA,4,443090.3335819431
2017,F9,AOA,5,85.20039266454296
2020,F1,MPA,5,576149.7391853054
2020,F1,AOA,2,13980.636056067135
2020,F1,AOA,4,125040.87842978461
2020,F1,AOA,1,54938.213385897805
2017,F9,AOA,4,-657.5254083265245
2020,F1,AOA,3,26653.035945765143
2020,F1,AOA,5,46140.19785841674
2020,F10,SBOA,4,506.8002610626759
2020,F10,SBOA,3,479.8180584490892
2020,F10,SBOA,1,481.918929476567
2020,F10,SBOA,2,476.52719580895337
2020,F10,ISBOA,1,476.0951861065646
2020,F10,ISBOA,2,482.25618813609753
2020,F10,SBOA,5,506.46465635971435
2020,F10,ISBOA,3,481.56467474947794
2020,F10,ISBOA,5,481.7913433328208
2020,F10,GWO,2,480.3881076796897
2020,F10,ISBOA,4,507.6732234748797
2020,F10,WOA,1,686.8623639653133
2020,F10,GWO,1,507.60345171159133
2020,F10,GWO,3,490.89236600883214
2020,F10,GWO,5,480.3893166435478
2020,F10,GWO,4,479.9733008888106
2020,F10,WOA,3,769.5086475517546
2020,F10,WOA,2,1020.8225355838094
2020,F10,WOA,4,777.0902044158065
2020,F10,SCA,1,542.1984802986126
2020,F10,SCA,2,540.6586060550271
2020,F10,SCA,4,543.1074713876765
2020,F10,SCA,3,532.3092418082006
2020,F10,WOA,5,707.5959080663306
2020,F10,SSA,1,608.3573990456825
2020,F10,SCA,5,526.8999555857126
2020,F10,SSA,3,478.86895937882764
2020,F10,SSA,4,480.0534312098516
2020,F10,SSA,2,506.8410132605286
2020,F10,SSA,5,498.29997137133887
2020,F10,HHO,1,495.22366519471916
2020,F10,HHO,2,618.8759696027055
2020,F2,ISBOA,1,-2059.1697441944525
2020,F2,ISBOA,2,-3502.5128333264074
2020,F10,HHO,3,535.2077934846184
2020,F10,HHO,4,520.5955360894759
2020,F2,ISBOA,3,-1966.6581837081922
2020,F10,HHO,5,592.7789530026344
2020,F10,MPA,1,507.6063042580331
2020,F10,MPA,2,480.80559156500385
2020,F10,MPA,3,482.32966563392256
2020,F10,MPA,4,481.50884061502074
2020,F10,MPA,5,481.9181812421284
2020,F10,AOA,1,488.56900595889465
2020,F10,AOA,3,593.7803588903357
2020,F10,AOA,2,535.343415984551
2020,F10,AOA,4,530.5463551625976
2020,F10,AOA,5,568.0851417152226
2020,F2,SBOA,2,-2225.903386324617
2020,F2,SBOA,1,-2626.576342695077
2020,F2,SBOA,5,-3321.2233337603
2020,F2,ISBOA,4,-2790.227044570769
2020,F2,SBOA,4,-1886.7071564338348
2020,F2,SBOA,3,-2672.7595559409283
2020,F2,ISBOA,5,-2816.490424738525
2020,F2,GWO,1,-1108.4513360563851
2020,F2,WOA,1,-370.2774355954816
2020,F2,GWO,2,-2602.206951597537
2020,F2,WOA,2,-1243.2429579275686
2020,F2,WOA,3,-2085.3023761015193
2020,F2,WOA,4,235.69050407195846
2020,F2,GWO,4,-1585.8862627366589
2020,F2,GWO,3,-1860.1274015698054
2020,F2,GWO,5,-1083.7024417842658
2020,F2,WOA,5,79.87579122309216
2020,F2,SCA,1,-1131.145350528349
2020,F2,SCA,2,-651.0816264115274
2020,F2,SSA,1,-2450.2066469231204
2020,F2,SCA,4,-1016.7072539684887
2020,F2,SCA,3,-280.1805510526965
2020,F2,SCA,5,-1578.604707721921
2020,F2,SSA,2,-2441.822874146421
2020,F2,SSA,3,-1099.9831455560134
2020,F2,SSA,4,-1882.9752601024056
2020,F2,SSA,5,-279.2162693708933
2020,F2,HHO,1,-1339.7829416958157
2020,F2,HHO,2,-876.2153842918215
2020,F2,HHO,3,-2240.560663247198
2020,F2,HHO,4,-1922.0352642168018
2020,F2,HHO,5,-525.7913739666747
2020,F2,MPA,1,-1784.5847052939544
2020,F2,MPA,2,-1518.0194941476993
2020,F2,MPA,3,-1350.105496996508
2020,F2,MPA,4,-1603.4548344685682
2020,F2,MPA,5,-919.8573276938432
2020,F3,ISBOA,1,66.84172243040985
2020,F3,ISBOA,2,55.017161908612934
2020,F3,SBOA,1,19.435991565963263
2020,F2,AOA,1,-2847.3071565283226
2020,F2,AOA,3,-2253.924341233036
2020,F3,ISBOA,3,45.8088189867002
2020,F2,AOA,4,-2175.464994568567
2020,F3,ISBOA,4,81.15961305750272
2020,F3,ISBOA,5,28.04112284194798
2020,F2,AOA,2,-2708.549300960858
2020,F2,AOA,5,-2577.652845206884
2020,F3,SBOA,2,28.817114606774567
2020,F3,SBOA,3,40.433629231167174
2020,F3,SBOA,4,24.15240613536173
2020,F3,SBOA,5,19.11509830598152
2020,F3,WOA,1,50117.66980411267
2020,F3,WOA,2,23902.673848915092
2020,F3,WOA,3,9600.135113184213
2020,F3,WOA,5,17644.300041965056
2020,F3,WOA,4,17812.478602240684
2020,F3,SCA,2,26538.21512877772
2020,F3,SCA,1,76176.89689062213
2020,F3,GWO,1,39.126706328093064
2020,F3,GWO,2,54.26524422455543
2020,F3,GWO,3,2090.5684605577494
2020,F3,GWO,4,1293.1251736047843
2020,F3,GWO,5,1862.3367785659648
2020,F3,SCA,3,48662.239255904395
2020,F3,SCA,4,53139.00320728516
2020,F3,SCA,5,40993.05471463004
2020,F3,SSA,1,30.12568374886189
2020,F3,SSA,2,50.36030196450474
2020,F3,SSA,4,33.27965871647962
2020,F3,SSA,3,30.84360265844441
2020,F3,SSA,5,55.11184945398816
2020,F3,HHO,2,201.71057421311343
2020,F3,HHO,1,270.58952337652545
2020,F3,HHO,3,235.8867797226619
2020,F3,HHO,4,118.08247069475863
2020,F3,HHO,5,201.81990996237414
2020,F3,MPA,1,90.16364003159003
2020,F3,MPA,2,96.68510603439756
2020,F3,MPA,3,107.48127404505465
2020,F3,MPA,4,91.96804002026374
2020,F3,MPA,5,86.04378977410238
2020,F3,AOA,1,96.06247356700715
2020,F3,AOA,2,75.73058320749374
2020,F3,AOA,3,68.14002284402284
2020,F3,AOA,4,113.01434111185426
2020,F4,SBOA,1,2.292325264721967
2020,F4,SBOA,3,0.6971626230777019
2020,F4,SBOA,2,1.291863234519269
2020,F3,AOA,5,76.16939028626575
2020,F4,ISBOA,1,0.5493824100360598
2020,F4,ISBOA,2,0.9115670263211086
2020,F4,SBOA,5,0.6100030498951128
2020,F4,ISBOA,3,1.6240564670279127
2020,F4,SBOA,4,0.7815051541358571
2020,F4,ISBOA,5,0.6440159237754415
2020,F4,ISBOA,4,2.2803841555307827
2020,F4,GWO,1,0.8745434863076298
2020,F4,WOA,1,69.89616787530213
2020,F4,GWO,2,1.6522916707028799
2020,F4,WOA,2,3318.458708432504
2020,F4,WOA,3,471.0006107074896
2020,F4,WOA,4,1004.7170216580889
2020,F4,GWO,3,1.8238058923434437
2020,F4,WOA,5,1297.5890259397756
2020,F4,SCA,1,11.566715772544285
2020,F4,SSA,1,0.7947491442641876
2020,F4,SCA,2,11.983683385201402
2020,F4,SCA,4,9.80049201150996
2020,F4,SCA,5,14.05938816173807
2020,F4,SCA,3,14.739958271818068
2020,F4,GWO,4,2.3887878411471775
2020,F4,GWO,5,1.9056377588483429
2020,F4,SSA,2,0.5829612514289693
2020,F4,SSA,3,0.6861381558337598
2020,F4,SSA,4,2.403992798433819
2020,F4,SSA,5,2.49186030537021
2020,F4,HHO,1,10.136708280512266
2020,F4,HHO,2,5.774768667187345
2020,F4,HHO,3,9.736633027692278
2020,F4,HHO,5,15.784439757000428
2020,F4,HHO,4,8.853716411312917
2020,F4,MPA,1,3.757066380160495
2020,F4,MPA,2,3.542378683679317
2020,F4,MPA,3,2.2772797843470016
2020,F4,MPA,4,4.081596316042578
2020,F4,MPA,5,4.289598558497119
2020,F4,AOA,1,6.888749019425632
2020,F4,AOA,2,4.630217246434313
2020,F4,AOA,3,4.558442021783776
2020,F4,AOA,4,5.580122603562586
2020,F4,AOA,5,4.015441357358441
2020,F5,SBOA,2,7408.261841370422
2020,F5,SBOA,1,5309.703025611581
2020,F5,SBOA,3,19322.232706032795
2020,F5,ISBOA,1,844.6560873077465
2020,F5,SBOA,5,2000.5434890632032
2020,F5,SBOA,4,6845.088009064002
2020,F5,ISBOA,2,621.2837970010842
2020,F5,ISBOA,3,344.2451191426567
2020,F5,ISBOA,4,27.85663009835821
2020,F5,ISBOA,5,741.8791819412554
2020,F5,GWO,1,9902.304630669803
2020,F5,WOA,1,602601.9368000729
2020,F5,GWO,2,21375.49636310694
2020,F5,GWO,3,19184.168621426008
2020,F5,GWO,4,22710.67786179394
2020,F5,GWO,5,9060.153799184987
2020,F5,WOA,2,17807.75397713727
2020,F5,WOA,4,683709.1615102125
2020,F5,WOA,5,41821.22058540701
2020,F5,WOA,3,37571.427014938745
2020,F5,SCA,3,97309.44523794443
2020,F5,SCA,1,31181.53202618973
2020,F5,SCA,2,29352.414778986524
2020,F5,SSA,1,25633.836727388167
2020,F5,SCA,5,70330.83711374938
2020,F5,SCA,4,252610.2070305395
2020,F5,SSA,4,33282.03695959282
2020,F5,SSA,3,213610.09499570352
2020,F5,SSA,2,222485.43519430986
2020,F5,SSA,5,47257.08102697914
2020,F5,HHO,1,209027.99866436297
2020,F5,HHO,2,13743.106673901266
2020,F5,HHO,3,29547.079551493847
2020,F5,HHO,5,22974.383099257073
2020,F5,HHO,4,33566.30657406415
2020,F5,MPA,2,70.35598404836719
2020,F5,MPA,1,131.04895842970518
2020,F5,MPA,3,77.39418769286476
2020,F5,MPA,4,267.4199098060499
2020,F5,MPA,5,50.938883526958534
2020,F5,AOA,1,8047.576490491036
2020,F5,AOA,2,24186.790994138
2020,F5,AOA,3,30865.77594867118
2020,F5,AOA,4,61177.50378578561
2020,F5,AOA,5,18081.518383911945
2020,F6,ISBOA,1,34.36533135231093
2020,F6,ISBOA,2,-163.76030362778397
2020,F6,ISBOA,3,-164.14288870758264
2020,F6,SBOA,1,921.8100350088935
2020,F6,SBOA,3,629.0782990797343
2020,F6,SBOA,4,199.2564688138964
2020,F6,ISBOA,5,1.3422094535198994
2020,F6,SBOA,2,-56.014417854556996
2020,F6,SBOA,5,-40.99137129508631
2020,F6,ISBOA,4,-164.01657014068178
2020,F6,GWO,1,642.1951692949779
2020,F6,WOA,1,8518.74965694938
2020,F6,GWO,2,1048.6133550868553
2020,F6,GWO,3,937.6242217807285
2020,F6,GWO,5,4735.191726311949
2020,F6,GWO,4,1747.0526610125944
2020,F6,WOA,2,3055.2690351128304
2020,F6,WOA,3,2057.384062974047
2020,F6,WOA,4,21510.246304532586
2020,F6,WOA,5,1702.6843571494705
2020,F6,SSA,1,561.6934080782739
2020,F6,SCA,2,11928.956439060452
2020,F6,SCA,1,3304.581853732143
2020,F6,SCA,3,5643.633214759951
2020,F6,SCA,5,7388.167477241812
2020,F6,SCA,4,12051.156880925417
2020,F6,SSA,2,5287.106633174462
2020,F6,SSA,4,2639.6915568373197
2020,F6,SSA,5,19006.41247443429
2020,F6,SSA,3,1239.5753508399498
2020,F6,HHO,2,10555.888315494221
2020,F6,HHO,1,7503.446973493512
2020,F6,HHO,3,2343.843250722398
2020,F6,HHO,5,3391.2467577448433
2020,F6,HHO,4,2985.9024526572157
2020,F6,MPA,1,-48.427850604940886
2020,F6,MPA,3,106.57908351879291
2020,F6,MPA,2,-7.779004571587848
2020,F6,MPA,5,-134.19637270681733
2020,F6,MPA,4,-19.466898481888165
2020,F6,AOA,1,5811.672309407023
2020,F6,AOA,2,10921.432951544752
2020,F6,AOA,3,5606.190060524384
2020,F6,AOA,4,2076.3651579114603
2020,F6,AOA,5,8090.213905088798
2020,F7,ISBOA,1,5.366426533609683
2020,F7,ISBOA,2,8.494507674739452
2020,F7,ISBOA,3,136.4820366402796
2020,F7,SBOA,1,18466.82479014054
2020,F7,ISBOA,4,565.545749942567
2020,F7,ISBOA,5,358.74235199605664
2020,F7,SBOA,2,14875.224561027062
2020,F7,SBOA,3,3949.222424098253
2020,F7,SBOA,4,14562.048216614425
2020,F7,SBOA,5,10412.671518980123
2020,F7,GWO,2,18249.48101066031
2020,F7,GWO,1,28563.8574485047
2020,F7,WOA,1,337860.8902065466
2020,F7,GWO,4,5340.74314709498
2020,F7,GWO,3,38306.53391782695
2020,F7,GWO,5,14204.60524999456
2020,F7,WOA,2,38722.81482594637
2020,F7,WOA,3,35789.32217058557
2020,F7,WOA,4,10353.065785814144
2020,F7,WOA,5,47871.67784458955
2020,F7,SCA,1,58028.3760801748
2020,F7,SCA,2,36227.700018005504
2020,F7,SCA,3,185568.23915036413
2020,F7,SCA,4,450418.3132491886
2020,F7,SSA,1,16047.552526670108
2020,F7,SCA,5,37566.9622470325
2020,F7,SSA,4,23954.96703350576
2020,F7,SSA,2,17299.324477542214
2020,F7,SSA,3,41316.3430232853
2020,F7,SSA,5,26772.589681338613
2020,F7,HHO,2,10146.569231032447
2020,F7,HHO,1,17355.865191367866
2020,F7,HHO,3,45928.48828645919
2020,F7,HHO,4,23301.786016871654
2020,F7,MPA,1,352.192169616148
2020,F7,MPA,2,249.056728603774
2020,F7,HHO,5,20522.34906831016
2020,F7,MPA,3,701.1538076041998
2020,F7,MPA,4,759.4926480816325
2020,F7,MPA,5,859.0203393557986
2020,F7,AOA,1,25743.374326817342
2020,F7,AOA,2,34670.31246711991
2020,F7,AOA,3,22766.41613021194
2020,F7,AOA,4,31452.036197967755
2020,F7,AOA,5,40287.13062604095
2020,F8,ISBOA,1,102.20531673104233
2020,F8,ISBOA,2,101.23045782081363
2020,F8,ISBOA,3,102.51800526447005
2020,F8,ISBOA,4,102.6740254631477
2020,F8,SBOA,2,102.19586640428315
2020,F8,SBOA,4,101.4662172457065
2020,F8,SBOA,1,101.73473656156193
2020,F8,ISBOA,5,101.27632309313958
2020,F8,SBOA,3,104.60590155398313
2020,F8,SBOA,5,101.69207915204788
2020,F8,GWO,3,102.70836527867777
2020,F8,GWO,2,102.84351730854223
2020,F8,GWO,1,106.65756815651366
2020,F8,WOA,1,122.05606966616688
2020,F8,GWO,5,103.1237924453967
2020,F8,GWO,4,103.77831778426662
2020,F8,WOA,2,127.88017946255513
2020,F8,WOA,3,124.8846397285256
2020,F8,WOA,4,-1337.30793987104
2020,F8,WOA,5,-1744.580279388054
2020,F8,SCA,2,-984.0206285213449
2020,F8,SCA,4,-938.4260691830755
2020,F8,SCA,1,-304.2974846689149
2020,F8,SCA,3,-1098.3568765047257
2020,F8,SCA,5,-809.4911634047753
2020,F8,SSA,1,107.98102417100154
2020,F8,SSA,2,102.54411599228433
2020,F8,SSA,3,78.88229678300559
2020,F8,SSA,4,104.35937740416193
2020,F8,SSA,5,-1990.5605289057985
2020,F8,HHO,1,113.37309847187089
2020,F8,HHO,4,110.38878127236194
2020,F8,HHO,3,114.59669738700359
2020,F8,HHO,2,107.00989561428196
2020,F8,HHO,5,109.3378683801734
2020,F8,MPA,1,108.8134963196876
2020,F8,MPA,2,-1958.1650581777426
2020,F8,MPA,3,-1871.7702921274542
2020,F8,MPA,5,-2101.299369423755
2020,F8,MPA,4,-1154.1188775718442
2020,F8,AOA,1,-2164.8714760546495
2020,F8,AOA,2,-2397.8675065834527
2020,F9,ISBOA,1,200.0349138617148
2020,F8,AOA,3,-2849.929258047994
2020,F8,AOA,4,-2606.105547524013
2020,F8,AOA,5,-2033.659516014522
2020,F9,ISBOA,2,200.0202784580856
2020,F9,ISBOA,3,100.01901753885204
2020,F9,ISBOA,4,200.07646354362487
2020,F9,SBOA,1,200.00032271440978
2020,F9,ISBOA,5,200.01905033903722
2020,F9,SBOA,2,200.00123744077382
2020,F9,SBOA,3,200.00031061553454
2020,F9,SBOA,4,200.00123037778212
2020,F9,SBOA,5,200.00125559136723
2020,F9,GWO,1,653.4890899690154
2020,F9,GWO,2,232.15373240511735
2020,F9,GWO,3,287.869739984224
2020,F9,WOA,1,1836.966150178403
2020,F9,GWO,4,933.3548666345187
2020,F9,WOA,3,2617.7410191039708
2020,F9,WOA,2,1212.1285816877398
2020,F9,GWO,5,316.75980306789825
2020,F9,WOA,4,1651.5091403868091
2020,F9,WOA,5,2287.4061953341543
2020,F9,SCA,1,1294.552503892316
2020,F9,SCA,2,1766.2747869356308
2020,F9,SCA,4,1697.2613606726254
2020,F9,SCA,5,1244.241446834847
2020,F9,SCA,3,1541.3689692272364
2020,F9,SSA,1,200.0011686416574
2020,F9,SSA,2,200.00171762676473
2020,F9,SSA,3,200.00113838234074
2020,F9,SSA,5,200.00155714700486
2020,F9,SSA,4,200.00118529350675
2020,F9,HHO,1,252.244885727348
2020,F9,HHO,4,281.9188261639638
2020,F9,HHO,2,304.1737068256698
2020,F9,HHO,5,310.851907950474
2020,F9,HHO,3,244.65181030075655
2020,F9,MPA,1,269.08222726304484
2022,F1,ISBOA,1,7.150964620450395e-07
2020,F9,MPA,2,233.93448812317365
2020,F9,MPA,4,277.71012101972565
2020,F9,MPA,3,175.26580549848495
2020,F9,MPA,5,263.74955875536943
2022,F1,SBOA,1,1.1968495527980849e-08
2022,F1,SBOA,2,4.843627721129451e-10
2022,F1,ISBOA,2,6.378462558132014e-07
2022,F1,ISBOA,4,2.4688176836207276e-07
2022,F1,ISBOA,3,1.1004724456142867e-06
2022,F1,ISBOA,5,2.0982304249628214e-07
2020,F9,AOA,1,214.4068058534549
2022,F1,SBOA,3,8.85865460986679e-08
2022,F1,SBOA,4,1.0132566785614472e-08
2020,F9,AOA,2,207.1009400806388
2022,F1,SBOA,5,3.963577910326421e-09
2022,F1,WOA,1,11074.95766137605
2020,F9,AOA,3,205.98779721470692
2022,F1,WOA,3,3616.617209839258
2022,F1,WOA,2,8576.294631414266
2022,F1,WOA,4,7417.1423343899405
2022,F1,GWO,1,77.55485911564472
2022,F1,WOA,5,3260.2260819006574
2022,F1,GWO,2,59.516731048538475
2022,F1,GWO,3,106.19722353830593
2022,F1,SCA,1,168.82574525828977
2022,F1,GWO,4,162.81768284051304
2022,F1,SCA,2,620.8336162308941
2022,F1,GWO,5,122.23203080013508
2020,F9,AOA,4,210.94006691986624
2022,F1,SCA,3,418.9211334588466
2020,F9,AOA,5,217.6740490768716
2022,F1,SSA,1,4.5923798097646795e-10
2022,F1,SSA,2,1.7845991351350676e-09
2022,F1,SCA,4,988.4970653739149
2022,F1,SSA,3,8.93294327397598e-10
2022,F1,SCA,5,865.8491629224848
2022,F1,SSA,4,9.878817763819825e-10
2022,F1,SSA,5,8.089386938081589e-10
2022,F1,HHO,1,11.215433771205312
2022,F1,HHO,2,13.186271840140535
2022,F1,HHO,4,19.435137379027424
2022,F1,HHO,3,20.024803611611958
2022,F1,HHO,5,4.718607418062163
2022,F1,MPA,1,0.38553102909543213
2022,F1,MPA,2,0.9648534884842093
2022,F1,MPA,3,0.38458391985710705
2022,F1,MPA,5,0.3119193554906019
2022,F1,MPA,4,0.4648917365979628
2022,F1,AOA,1,0.023247054394175848
2022,F1,AOA,2,0.02080948177155051
2022,F1,AOA,4,0.13909261408639395
2022,F1,AOA,3,0.08095308218281616
2022,F1,AOA,5,0.09426545859309954
2022,F10,SBOA,1,-1391.1556555201125
2022,F10,SBOA,3,-846.744756493446
2022,F10,SBOA,2,40.32701854868992
2022,F10,SBOA,4,170.67254932245714
2022,F10,ISBOA,1,-29.18992429960008
2022,F10,ISBOA,2,320.5621421167739
2022,F10,SBOA,5,85.05946650866508
2022,F10,ISBOA,3,182.5672360880676
2022,F10,ISBOA,4,183.92053628508347
2022,F10,ISBOA,5,187.43769312139648
2022,F10,WOA,1,245.77065093397914
2022,F10,GWO,1,-823.6524353477957
2022,F10,GWO,2,149.05964868865794
2022,F10,GWO,3,136.92062641787197
2022,F10,GWO,4,-1613.3493791940625
2022,F10,GWO,5,193.76964826766743
2022,F10,WOA,3,308.9121547014074
2022,F10,WOA,4,464.50808360532255
2022,F10,WOA,2,-772.6871221298977
2022,F10,SCA,2,-489.706580179846
2022,F10,SCA,1,-183.77537793132296
2022,F10,WOA,5,280.5846583218645
2022,F10,SCA,3,-781.4520149882339
2022,F10,SCA,5,-823.2806549761453
2022,F10,SCA,4,-495.03088153284466
2022,F10,SSA,1,-1425.4950794447425
2022,F10,SSA,2,-2371.2779364479147
2022,F10,SSA,3,-2796.458146443287
2022,F10,SSA,4,-808.4704959434382
2022,F10,SSA,5,-1115.2144951072119
2022,F10,HHO,1,152.3811285521815
2022,F10,HHO,2,-1489.4947383209549
2022,F10,HHO,3,262.4311402369176
2022,F10,HHO,4,241.66887342744485
2022,F10,HHO,5,212.37429303422323
2022,F10,MPA,1,-1337.0015056860948
2022,F10,MPA,4,-760.8331534111521
2022,F10,MPA,2,-1316.1075518425355
2022,F10,MPA,5,-758.771899715588
2022,F10,MPA,3,-1405.9081438818505
2022,F10,AOA,1,-2673.9074341392825
2022,F10,AOA,3,-2686.3509688504273
2022,F10,AOA,2,-2437.4972233324224
2022,F10,AOA,4,-3213.8239251520763
2022,F10,AOA,5,-2421.732651450033
2022,F11,ISBOA,2,0.0002377025152782153
2022,F11,ISBOA,1,0.00018644995179784019
2022,F11,ISBOA,3,0.0003355832850502338
2022,F11,SBOA,3,3.843485774268629e-05
2022,F11,SBOA,2,9.639066320232814e-06
2022,F11,SBOA,4,2.6613704903866164e-05
2022,F11,SBOA,1,2.6061085009132512e-05
2022,F11,ISBOA,5,0.00036901106705045095
2022,F11,SBOA,5,3.930764250981156e-06
2022,F11,ISBOA,4,0.00017639857969697914
2022,F11,WOA,1,46.21649327064779
2022,F11,GWO,2,6.602490054149257
2022,F11,GWO,1,956.4991230275737
2022,F11,GWO,3,3.3392300242730926
2022,F11,GWO,4,1.0518399564566607
2022,F11,GWO,5,0.42604103658595704
2022,F11,WOA,3,35.85781781876631
2022,F11,WOA,2,73.32183488619603
2022,F11,WOA,4,74.85840941025708
2022,F11,SCA,1,23.690527679106708
2022,F11,WOA,5,1304.996144140904
2022,F11,SCA,2,21.667675538161348
2022,F11,SCA,5,25.37229751779114
2022,F11,SCA,4,27.718602391841614
2022,F11,SCA,3,24.10865710989492
2022,F11,SSA,1,847.6899686897887
2022,F11,SSA,2,879.6782874664259
2022,F11,SSA,3,1.4135568108031293e-05
2022,F11,SSA,5,1.6040595255617518e-05
2022,F11,SSA,4,1.5931681900838157e-05
2022,F11,HHO,1,0.7897042235454137
2022,F11,HHO,2,1.2954944714069825
2022,F11,HHO,3,19.935002136535786
2022,F11,HHO,4,0.5556680181239244
2022,F11,HHO,5,21.958144568587613
2022,F11,MPA,3,0.7981420882829298
2022,F11,MPA,1,0.2915179333776905
2022,F11,MPA,2,0.5489610360550614
2022,F11,MPA,5,0.36867929248910514
2022,F11,MPA,4,0.41659153104183133
2022,F11,AOA,1,21.71457189826333
2022,F11,AOA,2,23.066474523148372
2022,F11,AOA,3,37.2154586645961
2022,F11,AOA,4,0.1006179073410749
2022,F11,AOA,5,883.9305044889106
2022,F12,ISBOA,2,159.35739533008064
2022,F12,ISBOA,1,165.8973205985444
2022,F12,ISBOA,3,159.10890967060095
2022,F12,SBOA,1,160.0673135615648
2022,F12,ISBOA,4,160.06083794339065
2022,F12,ISBOA,5,150.31906494019313
2022,F12,SBOA,2,161.68017947037742
2022,F12,SBOA,3,140.11350135642306
2022,F12,SBOA,4,145.83277211445738
2022,F12,SBOA,5,137.53005749946078
2022,F12,GWO,1,161.78318437153484
2022,F12,WOA,1,220.8622425707108
2022,F12,GWO,2,145.05862176828668
2022,F12,GWO,4,149.85388785096984
2022,F12,GWO,3,130.1105536513851
2022,F12,GWO,5,151.1318910277082
2022,F12,WOA,2,289.6883599218104
2022,F12,WOA,3,308.01606891644906
2022,F12,WOA,4,230.16411304959956
2022,F12,WOA,5,169.26951483485254
2022,F12,SCA,1,173.25245331304177
2022,F12,SCA,2,175.7300287496987
2022,F12,SCA,3,175.11961448084958
2022,F12,SCA,4,172.8210331527598
2022,F12,SCA,5,175.39825367157619
2022,F12,SSA,1,156.70539491374848
2022,F12,SSA,2,163.08387425430692
2022,F12,SSA,3,158.97171860985327
2022,F12,SSA,4,154.65747574509533
2022,F12,SSA,5,158.4702884397425
2022,F12,HHO,2,196.31119221806694
2022,F12,HHO,1,262.26444294986595
2022,F12,HHO,3,175.89774007410233
2022,F12,HHO,4,173.16051120325028
2022,F12,HHO,5,197.95651738300785
2022,F2,ISBOA,1,8.916102831266983
2022,F2,ISBOA,2,4.401505601807173
2022,F2,ISBOA,3,4.054065670337991
2022,F2,ISBOA,4,4.104164679490623
2022,F2,SBOA,1,8.916101928699788
2022,F2,ISBOA,5,8.916102594962297
2022,F2,SBOA,2,8.91610204271501
2022,F2,SBOA,3,7.187705839740772
2022,F2,SBOA,4,0.1523825311841165
2022,F12,MPA,2,153.2177335907727
2022,F12,MPA,1,155.73997601978863
2022,F12,MPA,3,152.18314333284388
2022,F2,SBOA,5,0.014898179933368283
2022,F2,GWO,1,12.04703179458187
2022,F2,WOA,1,393.636502728083
2022,F2,WOA,2,196.5689182788908
2022,F2,WOA,3,245.8043393847487
2022,F2,WOA,4,152.89925483532636
2022,F2,GWO,2,70.90940030123409
2022,F2,GWO,3,9.017288720001204
2022,F2,GWO,4,62.052789776942745
2022,F2,GWO,5,70.79313707437564
2022,F2,WOA,5,108.4131742044242
2022,F12,MPA,4,156.71276804900845
2022,F12,MPA,5,157.57690765838015
2022,F2,SCA,2,124.29603699209656
2022,F2,SCA,1,48.73840068740367
2022,F12,AOA,1,214.65061364906842
2022,F2,SCA,3,56.86305420854501
2022,F12,AOA,2,154.49465480330036
2022,F2,SSA,1,0.07289136586848599
2022,F2,SCA,5,98.8926914836153
2022,F2,SCA,4,83.01657728855446
2022,F2,SSA,2,4.019187420316655
2022,F2,SSA,3,0.1971285182374345
2022,F2,SSA,4,0.18880329666347961
2022,F2,SSA,5,0.011192541566117598
2022,F2,HHO,1,70.0950496285667
2022,F2,HHO,2,68.95751647392007
2022,F2,HHO,3,54.449205257135986
2022,F2,HHO,4,9.31378152151018
2022,F12,AOA,3,140.18046744886396
2022,F2,HHO,5,4.396300138482388
2022,F2,MPA,1,0.7783498931613622
2022,F2,MPA,2,0.3662754850917622
2022,F2,MPA,3,2.053787063993184
2022,F2,MPA,4,0.7994428552939894
2022,F2,MPA,5,0.5074768390190911
2022,F12,AOA,4,-597.8347832426157
2022,F12,AOA,5,-188.7906024349536
2022,F2,AOA,1,8.938384195453352
2022,F2,AOA,2,8.940708013235394
2022,F2,AOA,3,10.47887045043177
2022,F2,AOA,4,90.90730842461039
2022,F2,AOA,5,6.630894571399608
2022,F3,SBOA,1,0.0
2022,F3,SBOA,4,0.0
2022,F3,SBOA,2,0.0
2022,F3,SBOA,3,0.0
2022,F3,ISBOA,2,1.8985701899509877e-11
2022,F3,ISBOA,1,1.057287590811029e-11
2022,F3,ISBOA,3,1.0459189070388675e-11
2022,F3,SBOA,5,0.0
2022,F3,ISBOA,4,6.139089236967266e-12
2022,F3,ISBOA,5,2.7284841053187847e-12
2022,F3,GWO,1,0.0015462010957207895
2022,F3,GWO,2,0.0017861502977893906
2022,F3,WOA,1,0.021997945598400293
2022,F3,GWO,3,1.5372035932159633e-05
2022,F3,GWO,4,0.00034796746979282034
2022,F3,GWO,5,0.009662250055725963
2022,F3,WOA,2,0.06177635602978171
2022,F3,WOA,3,0.0529465757709886
2022,F3,WOA,5,0.03317890227765474
2022,F3,WOA,4,0.03402274930601834
2022,F3,SCA,2,0.09613531110164786
2022,F3,SCA,3,0.040082913613332494
2022,F3,SCA,1,0.04921594558129527
2022,F3,SCA,4,0.03283357834357048
2022,F3,SCA,5,0.06229413623509572
2022,F3,SSA,1,1.1368683772161603e-13
2022,F3,SSA,2,1.1368683772161603e-13
2022,F3,SSA,3,0.0
2022,F3,SSA,4,1.1368683772161603e-13
2022,F3,SSA,5,0.0
2022,F3,HHO,1,0.000341349969176008
2022,F3,HHO,2,0.00011761676660171361
2022,F3,HHO,3,0.00024929849564614415
2022,F3,HHO,4,8.504501488459937e-05
2022,F3,HHO,5,0.00018861772696254775
2022,F3,MPA,2,4.38888918097291e-05
2022,F3,MPA,4,2.666684201813041e-05
2022,F3,MPA,1,1.7169351735901728e-05
2022,F3,MPA,3,3.801685375037778e-05
2022,F3,MPA,5,2.661581277152436e-05
2022,F3,AOA,2,2.033906866927282e-06
2022,F3,AOA,1,8.601621175330365e-07
2022,F3,AOA,3,7.070003675835324e-07
2022,F3,AOA,4,9.028887006934383e-07
2022,F3,AOA,5,3.6274888088883017e-06
2022,F4,ISBOA,1,8.000000467382165
2022,F4,SBOA,1,36.000000058595674
2022,F4,ISBOA,2,18.000000043539785
2022,F4,ISBOA,3,34.00000000000023
2022,F4,SBOA,5,30.00000000000216
2022,F4,SBOA,3,42.0000000000266
2022,F4,SBOA,2,30.00000000003729
2022,F4,ISBOA,5,32.00000000089881
2022,F4,SBOA,4,32.00000000811838
2022,F4,ISBOA,4,18.000000132446417
2022,F4,GWO,1,20.000062945275204
2022,F4,GWO,2,50.000120208394605
2022,F4,GWO,3,38.09039962864267
2022,F4,WOA,1,40.25542931308382
2022,F4,GWO,4,22.000002705714223
2022,F4,GWO,5,34.00000100606394
2022,F4,WOA,2,64.0
2022,F4,WOA,3,150.00058565762538
2022,F4,WOA,4,62.000000000005684
2022,F4,WOA,5,65.82636122721897
2022,F4,SCA,1,34.18993350602011
2022,F4,SCA,2,60.76477702369823
2022,F4,SCA,3,54.24925482099502
2022,F4,SCA,4,64.17325944710535
2022,F4,SSA,1,56.00000000000898
2022,F4,SCA,5,51.474997833279986
2022,F4,SSA,2,18.0
2022,F4,SSA,3,52.0
2022,F4,SSA,4,60.0
2022,F4,SSA,5,40.00000000000023
2022,F4,HHO,1,44.00000000000068
2022,F4,HHO,2,36.0
2022,F4,HHO,3,42.0
2022,F4,HHO,4,56.00001427097993
2022,F4,HHO,5,44.0
2022,F4,MPA,1,14.243149477878546
2022,F4,MPA,2,14.237048799735248
2022,F4,MPA,3,30.176231483100764
2022,F4,MPA,4,18.454918759869543
2022,F5,ISBOA,1,2.0946799850207753e-09
2022,F4,MPA,5,34.008497761856006
2022,F4,AOA,1,109.46306167163561
2022,F5,ISBOA,2,7.3548562795622274e-09
2022,F4,AOA,2,80.0000849236867
2022,F4,AOA,3,166.0
2022,F4,AOA,4,74.00010110893504
2022,F4,AOA,5,164.00000004040078
2022,F5,ISBOA,3,1.5992782209650613e-08
2022,F5,SBOA,1,2.136528109986102e-06
2022,F5,SBOA,2,1.1517591929077753e-06
2022,F5,SBOA,4,2.468414095346816e-08
2022,F5,SBOA,3,2.053450316452654e-07
2022,F5,SBOA,5,2.641394303282141e-07
2022,F5,ISBOA,4,3.0192950362106785e-09
2022,F5,ISBOA,5,8.257075023720972e-10
2022,F5,GWO,1,0.0018845864948389135
2022,F5,GWO,2,0.9100226067118911
2022,F5,WOA,1,0.35295951413991133
2022,F5,WOA,2,1.0153317184966681
2022,F5,WOA,4,2.535546201634361
2022,F5,WOA,3,3.681285637337055
2022,F5,GWO,3,0.0010520938242279954
2022,F5,WOA,5,4.241171177699016
2022,F5,GWO,4,0.014579792154790994
2022,F5,SCA,1,0.5144921973438841
2022,F5,GWO,5,9.492592380411224e-05
2022,F5,SCA,2,0.38351804441367676
2022,F5,SCA,3,0.5411092816406153
2022,F5,SSA,1,1.2505552149377763e-12
2022,F5,SCA,4,0.15502843420040335
2022,F5,SCA,5,1.2490615045837785
2022,F5,SSA,3,0.45432401859466154
2022,F5,SSA,2,0.5438522690099035
2022,F5,SSA,4,0.9086480372744745
2022,F5,SSA,5,1.3642420526593924e-12
2022,F5,HHO,1,0.1842927975742441
2022,F5,HHO,2,0.18263410395206847
2022,F5,HHO,3,0.09645919804927416
2022,F5,HHO,4,0.5637812982164405
2022,F5,HHO,5,0.2725624514092715
2022,F5,MPA,1,0.0036637046051737343
2022,F5,MPA,3,0.00358728675155362
2022,F5,MPA,2,0.0022879323327060774
2022,F5,MPA,5,0.0035791390660051547
2022,F5,MPA,4,0.0023966409348759043
2022,F5,AOA,1,5.53178233244887
2022,F5,AOA,2,1.0221203409114423
2022,F5,AOA,4,7.043741655637518
2022,F5,AOA,3,1.6072702663785776
2022,F5,AOA,5,3.5690857433736483
2022,F6,SBOA,1,29327.006741037512
2022,F6,ISBOA,1,2918.6140402186147
2022,F6,SBOA,2,32639.270316479728
2022,F6,SBOA,3,36187.43809594471
2022,F6,ISBOA,3,466.51106228316803
2022,F6,ISBOA,4,185.5785787806285
2022,F6,ISBOA,2,427.270217137117
2022,F6,SBOA,4,23009.63433084681
2022,F6,ISBOA,5,1181.7935629297363
2022,F6,SBOA,5,33494.384312014925
2022,F6,GWO,1,47169.473847495006
2022,F6,WOA,1,2711880.389158408
2022,F6,WOA,2,181059.94892029287
2022,F6,GWO,2,11233.724871560362
2022,F6,GWO,3,28190.5221671686
2022,F6,WOA,3,1736711.5869325756
2022,F6,GWO,4,44049.44664957737
2022,F6,GWO,5,18688.113724958857
2022,F6,WOA,5,2051474.7695879359
2022,F6,WOA,4,351254.3947698002
2022,F6,SSA,1,47569.851835047135
2022,F6,SCA,2,3572371.3939978248
2022,F6,SCA,3,4693222.581483461
2022,F6,SCA,1,874812.2067970252
2022,F6,SCA,4,6336505.024736504
2022,F6,SCA,5,6128833.135275817
2022,F6,SSA,2,25554.96631962416
2022,F6,SSA,3,31109.045144340278
2022,F6,SSA,4,43616.9557440985
2022,F6,SSA,5,21178.24029412493
2022,F6,HHO,1,25464.443045908705
2022,F6,HHO,2,20418.0455220069
2022,F6,HHO,3,56136.033951948375
2022,F6,HHO,4,45597.941766850294
2022,F6,HHO,5,49417.01185273158
2022,F6,MPA,2,271.9695393436414
2022,F6,MPA,1,589.4656863303462
2022,F6,MPA,5,230.5208117981017
2022,F6,MPA,3,308.45367296477207
2022,F6,MPA,4,152.03865527413245
2022,F6,AOA,2,46483.05963759709
2022,F6,AOA,1,58393.60400435825
2022,F6,AOA,4,52477.45167834383
2022,F6,AOA,3,40958.199738474745
2022,F6,AOA,5,43386.16367676844
2022,F7,SBOA,1,23.961750491415614
2022,F7,SBOA,3,24.61152030637595
2022,F7,SBOA,5,31.853575125767748
2022,F7,ISBOA,1,24.709610958089343
2022,F7,SBOA,4,26.032857283900285
2022,F7,SBOA,2,56.093528179891564
2022,F7,ISBOA,3,23.764742307221013
2022,F7,ISBOA,4,24.06762703592949
2022,F7,ISBOA,2,24.971388118166942
2022,F7,ISBOA,5,21.695175462007
2022,F7,GWO,1,58.16720217687225
2022,F7,GWO,2,134.90976770399084
2022,F7,WOA,1,154.77900972416091
2022,F7,GWO,3,110.90520546637708
2022,F7,GWO,4,73.10192681562785
2022,F7,GWO,5,28.634304278418767
2022,F7,WOA,2,96.4130236109886
2022,F7,WOA,5,54.290186848763824
2022,F7,WOA,4,197.97330911846075
2022,F7,SCA,1,106.12552933235884
2022,F7,SCA,4,99.38121528139754
2022,F7,WOA,3,216.14344139902641
2022,F7,SCA,3,177.96129842400842
2022,F7,SCA,2,113.53142373792616
2022,F7,SCA,5,144.72703674749937
2022,F7,SSA,1,34.06864906906708
2022,F7,SSA,3,77.17583536466918
2022,F7,SSA,4,30.0533066920882
2022,F7,SSA,2,79.89935095238798
2022,F7,SSA,5,37.50820759672729
2022,F7,HHO,1,124.3959013160138
2022,F7,HHO,2,61.74645865821549
2022,F7,HHO,3,222.9666067432513
2022,F7,HHO,4,142.85385826233596
2022,F7,HHO,5,102.55839706440884
2022,F7,MPA,2,45.32371624665939
2022,F7,MPA,1,36.848524462358455
2022,F7,MPA,4,34.27841510746043
2022,F7,MPA,5,47.96418379278589
2022,F7,MPA,3,42.26416905508677
2022,F7,AOA,1,37.03557499411704
2022,F7,AOA,2,43.12689847846673
2022,F7,AOA,3,72.70826196208918
2022,F7,AOA,4,55.49857593976367
2022,F7,AOA,5,56.90688059483546
2022,F8,ISBOA,2,24.040018432459874
2022,F8,ISBOA,1,23.110105269430278
2022,F8,ISBOA,3,24.001951805008957
2022,F8,SBOA,1,23.706760451208993
2022,F8,SBOA,2,21.640224848748403
2022,F8,SBOA,3,21.393638476638444
2022,F8,ISBOA,4,23.878653926147308
2022,F8,SBOA,4,25.06131315585162
2022,F8,SBOA,5,6.150046851925708
2022,F8,ISBOA,5,23.587648785206056
2022,F8,GWO,1,53.88509894177332
2022,F8,WOA,1,816.6681844065924
2022,F8,GWO,2,241.81284017862208
2022,F8,GWO,5,26.172902969552524
2022,F8,GWO,4,1708.0880270487014
2022,F8,GWO,3,142.1526222932348
2022,F8,WOA,2,1777.2854573146928
2022,F8,WOA,4,523.46532125884
2022,F8,WOA,3,479.78081454939
2022,F8,WOA,5,954.1805937799636
2022,F8,SCA,1,815.4878611447152
2022,F8,SCA,4,824.1812652068338
2022,F8,SCA,3,2402.5277854101996
2022,F8,SCA,2,251.68564257289745
2022,F8,SCA,5,544.5116097478349
2022,F8,SSA,1,244.1490707870921
2022,F8,SSA,2,38.28274671985537
2022,F8,SSA,5,84.94306441077651
2022,F8,HHO,1,139.83478101938363
2022,F8,SSA,3,58.35887774829689
2022,F8,SSA,4,73.77227884335025
2022,F8,HHO,2,598.1531222332087
2022,F8,HHO,3,393.30549435092234
2022,F8,HHO,4,87.25731666213915
2022,F8,HHO,5,367.1663961623158
2022,F9,ISBOA,1,0.0005060274129391473
2022,F9,ISBOA,2,0.0010533589529586607
2022,F9,ISBOA,3,0.0003276818774793355
2022,F9,ISBOA,4,359.15203008491926
2022,F9,ISBOA,5,359.09436378852706
2022,F9,SBOA,1,1.4234767727216422
2022,F9,SBOA,2,359.2394621661442
2022,F9,SBOA,3,1.9280757442174945e-05
2022,F9,SBOA,4,360.6433348857522
2022,F8,MPA,1,24.248568764413903
2022,F8,MPA,2,28.075577882631478
2022,F9,SBOA,5,0.0005665081880579237
2022,F8,MPA,4,27.650229976239643
2022,F8,MPA,3,27.724912945084725
2022,F8,AOA,1,90.86041554861549
2022,F8,MPA,5,24.34217320081507
2022,F9,GWO,1,426.47245030575004
2022,F9,GWO,2,424.22428157154263
2022,F9,GWO,3,403.6920415226991
2022,F9,GWO,4,6.207294323990482
2022,F9,GWO,5,359.8682250954748
2022,F8,AOA,3,48.98578388139458
2022,F8,AOA,2,39.41144921134992
2022,F8,AOA,4,92.80610660112234
2022,F8,AOA,5,260.44911088446406
2022,F9,WOA,1,479.2533848855164
2022,F9,WOA,2,39.92981777740988
2022,F9,WOA,3,621.7983551457432
2022,F9,WOA,4,559.1329148317586
2022,F9,WOA,5,871.0057129015831
2022,F9,SCA,1,113.60938616789872
2022,F9,SCA,2,412.81860833110886
2022,F9,SCA,3,429.0452950819872
2022,F9,SCA,4,429.28973245823
2022,F9,SCA,5,93.64399024439035
2022,F9,SSA,2,361.40555547232543
2022,F9,SSA,1,1.288694284085068e-05
2022,F9,SSA,3,3.719520782397012e-05
2022,F9,SSA,4,3.483425552985864e-05
2022,F9,SSA,5,359.09438919877675
2022,F9,HHO,1,477.38291696331316
2022,F9,HHO,2,8.69785564726044
2022,F9,HHO,3,16.459043309443132
2022,F9,HHO,4,2.711823362566065
2022,F9,HHO,5,506.0771987331964
2022,F9,MPA,1,2.55034879159939
2022,F9,MPA,2,1.8848551180381037
2022,F9,MPA,3,1.297574296467701
2022,F9,MPA,5,3.7676646325326146
2022,F9,MPA,4,1.5024362641702282
2022,F9,AOA,1,243.46495348371445
2022,F9,AOA,2,362.3867179351446
2022,F9,AOA,3,241.5140056447499
2022,F9,AOA,4,381.2441756880553
2022,F9,AOA,5,378.995697698349
